time,frequency
0.0,0.0
0.005,0.0
0.01,0.0
0.015,0.0
0.02,0.0
0.025,0.0
0.03,0.0
0.035,0.0
0.04,0.0
0.045,0.0
0.05,0.0
0.055,0.0
0.06,0.0
0.065,0.0
0.07,0.0
0.075,0.0
0.08,0.0
0.085,0.0
0.09,0.0
0.095,0.0
0.1,0.0
0.105,0.0
0.11,0.0
0.115,0.0
0.12,0.0
0.125,0.0
0.13,0.0
0.135,0.0
0.14,0.0
0.145,0.0
0.15,0.0
0.155,0.0
0.16,0.0
0.165,0.0
0.17,72.25716660367587
0.175,103.21084258621354
0.18,108.27045496106476
0.185,116.66774786017614
0.19,115.67926869751614
0.195,90.97291000241913
0.2,90.39226207024039
0.205,87.95332703364512
0.21,81.24907976788073
0.215,70.0730799716418
0.22,0.0
0.225,0.0
0.23,0.0
0.235,0.0
0.24,0.0
0.245,0.0
0.25,0.0
0.255,0.0
0.26,0.0
0.265,0.0
0.27,0.0
0.275,0.0
0.28,0.0
0.285,0.0
0.29,0.0
0.295,0.0
0.3,0.0
0.305,0.0
0.31,0.0
0.315,0.0
0.32,0.0
0.325,0.0
0.33,0.0
0.335,0.0
0.34,0.0
0.345,0.0
0.35,0.0
0.355,0.0
0.36,0.0
0.365,0.0
0.37,0.0
0.375,0.0
0.38,0.0
0.385,0.0
0.39,0.0
0.395,0.0
0.4,0.0
0.405,0.0
0.41,0.0
0.415,0.0
0.42,0.0
0.425,0.0
0.43,0.0
0.435,0.0
0.44,0.0
0.445,0.0
0.45,0.0
0.455,0.0
0.46,0.0
0.465,0.0
0.47,0.0
0.475,0.0
0.48,0.0
0.485,0.0
0.49,0.0
0.495,0.0
0.5,0.0
0.505,0.0
0.51,0.0
0.515,0.0
0.52,0.0
0.525,0.0
0.53,0.0
0.535,0.0
0.54,0.0
0.545,0.0
0.55,0.0
0.555,0.0
0.56,0.0
0.565,0.0
0.57,0.0
0.575,0.0
0.58,0.0
0.585,0.0
0.59,0.0
0.595,0.0
0.6,0.0
0.605,0.0
0.61,0.0
0.615,0.0
0.62,0.0
0.625,0.0
0.63,0.0
0.635,0.0
0.64,0.0
0.645,0.0
0.65,0.0
0.655,0.0
0.66,0.0
0.665,0.0
0.67,0.0
0.675,0.0
0.68,0.0
0.685,0.0
0.69,0.0
0.695,0.0
0.7,0.0
0.705,0.0
0.71,0.0
0.715,0.0
0.72,0.0
0.725,0.0
0.73,0.0
0.735,0.0
0.74,0.0
0.745,0.0
0.75,0.0
0.755,0.0
0.76,0.0
0.765,0.0
0.77,0.0
0.775,0.0
0.78,0.0
0.785,0.0
0.79,0.0
0.795,0.0
0.8,0.0
0.805,0.0
0.81,0.0
0.815,0.0
0.82,0.0
0.825,0.0
0.83,0.0
0.835,0.0
0.84,0.0
0.845,0.0
0.85,0.0
0.855,208.36017412987093
0.86,259.449884322746
0.865,245.6213963436934
0.87,231.11676136922736
0.875,252.79270712395885
0.88,246.80364442125747
0.885,238.81180820145053
0.89,239.1046046688665
0.895,237.8633524324164
0.9,239.03574598170124
0.905,237.26543801581244
0.91,238.26385364458486
0.915,238.11039703932113
0.92,238.9840375791365
0.925,238.9389856205527
0.93,240.06667088381843
0.935,240.58684406333492
0.94,240.46257590312666
0.945,237.96176039185727
0.95,234.5692846365878
0.955,236.97240127760313
0.96,236.61109196403046
0.965,235.70515512300094
0.97,236.81355150943958
0.975,235.32714517531397
0.98,234.7180358419809
0.985,235.33180302828865
0.99,235.81308069629242
0.995,237.2400169744205
1.0,240.90940310041168
1.005,242.87543318839244
1.01,240.4776441737068
1.015,239.76887448005118
1.02,237.7449211203156
1.025,236.4335246242603
1.03,237.03460867003508
1.035,236.17718419451185
1.04,240.04610753399865
1.045,273.0927659399335
1.05,298.84359959842214
1.055,267.5246349642143
1.06,261.1546914937992
1.065,261.5852832773075
1.07,261.5373535186624
1.075,260.8294329202143
1.08,261.3960225333891
1.085,259.95727054348714
1.09,259.2770559277605
1.095,257.9344402845398
1.1,257.3186010660774
1.105,259.57660268866607
1.11,256.19258818270555
1.115,257.50364604001874
1.12,256.04703747693605
1.125,257.461840636915
1.13,255.39662099530844
1.135,257.3913783958691
1.14,256.0008508301273
1.145,257.01866272672027
1.15,257.08185191623966
1.155,257.5285989367424
1.16,258.18088366827965
1.165,258.2467035852912
1.17,257.8945298754556
1.175,257.6694480491247
1.18,258.48583268321045
1.185,257.18571093598
1.19,259.2871333557632
1.195,256.698187462193
1.2,260.4073587280995
1.205,258.91617403360414
1.21,258.42194395191586
1.215,258.72807837246404
1.22,258.84111375020933
1.225,256.6429031368425
1.23,258.11334407786967
1.235,256.1395294627433
1.24,256.45384381997985
1.245,258.56541961720586
1.25,257.01012313572045
1.255,256.4183674233332
1.26,257.1883623324523
1.265,256.4735889293615
1.27,255.9011022629167
1.275,256.8532335871706
1.28,254.35771983462374
1.285,254.44816432978396
1.29,253.7638499055356
1.295,252.77649463076008
1.3,250.4126494399586
1.305,251.40340743166516
1.31,252.71777315263088
1.315,250.075338772303
1.32,251.8152776552008
1.325,248.90065906284238
1.33,247.6100766251708
1.335,251.52238284017744
1.34,253.6451678030042
1.345,254.50513311132414
1.35,256.5002777224128
1.355,257.21400011643107
1.36,255.1228177136843
1.365,254.62955644602002
1.37,257.7461670937904
1.375,255.814284326516
1.38,255.29886165148233
1.385,255.73474025041511
1.39,255.21635235359426
1.395,255.7686558198911
1.4,255.34564401256236
1.405,254.70129086193992
1.41,254.2474347816413
1.415,256.1429861748584
1.42,257.2088185635604
1.425,255.40310815214428
1.43,255.01780135698658
1.435,255.98548174569714
1.44,256.62093142326523
1.445,253.83983478363294
1.45,250.43627856757837
1.455,247.10963681692678
1.46,248.025638808262
1.465,248.2404929035016
1.47,247.2026357142688
1.475,246.52447584995073
1.48,247.7194806366476
1.485,248.78876885324195
1.49,249.3140392246548
1.495,248.38226870204926
1.5,249.20830874361528
1.505,253.14677490508603
1.51,255.8383285756508
1.515,262.70401361097765
1.52,264.03602603488724
1.525,262.34140182360585
1.53,261.66844627744587
1.535,261.1275098431629
1.54,260.0010512849151
1.545,258.3071153452537
1.55,258.4457907189024
1.555,259.569774537669
1.56,260.340144160366
1.565,260.6965376200145
1.57,260.60524966178986
1.575,260.06816322843304
1.58,260.2446924668323
1.585,259.23323138548153
1.59,258.8050335200764
1.595,258.9747539773183
1.6,257.8950389457721
1.605,257.8097311209011
1.61,256.78973812737644
1.615,254.7582500715824
1.62,256.6524028414916
1.625,254.87607731133636
1.63,254.25985492827581
1.635,255.60224340296017
1.64,255.2840504267094
1.645,255.39557773792222
1.65,255.64720923820278
1.655,258.12982594805294
1.66,258.2271693415804
1.665,258.2929425117864
1.67,260.21536065007444
1.675,257.99723238455397
1.68,261.55693100414356
1.685,261.27127807735286
1.69,259.80670089286406
1.695,260.09828821323873
1.7,259.9104932500159
1.705,260.6478884605504
1.71,261.03128934543327
1.715,262.2460388067572
1.72,261.7838637736639
1.725,260.30524941648986
1.73,259.02927243192977
1.735,255.33975145011797
1.74,255.5442793367884
1.745,256.5167773489007
1.75,254.94429569058065
1.755,256.3942154934523
1.76,256.93046747189135
1.765,265.48710194715153
1.77,276.097058590931
1.775,275.4506383682903
1.78,275.38612448720687
1.785,275.59198489781477
1.79,276.1083760713469
1.795,275.7097780733797
1.8,286.22782714929406
1.805,281.72350506427574
1.81,283.4531545862436
1.815,283.95973931207834
1.82,280.6008754076848
1.825,285.42788804126644
1.83,283.079438139091
1.835,284.0214794460122
1.84,279.667374769651
1.845,284.15519369398675
1.85,284.7064346262032
1.855,284.87008735764755
1.86,281.6606265681082
1.865,280.9475990662337
1.87,281.23434396620144
1.875,282.82461937939036
1.88,282.795186085239
1.885,283.06763690501765
1.89,283.1315347060335
1.895,285.7881280686321
1.9,285.73787080543707
1.905,288.84860656971534
1.91,287.0706540812025
1.915,288.439255159341
1.92,290.9262722598147
1.925,295.1092947911735
1.93,293.80877444782806
1.935,296.3585344787282
1.94,293.7094052163657
1.945,293.7884000870818
1.95,288.3129449218689
1.955,291.5257843015142
1.96,288.6340328350346
1.965,306.7129104330529
1.97,310.6745522651166
1.975,310.2321484031371
1.98,317.1649863801005
1.985,314.8280099770472
1.99,310.90591658128534
1.995,313.0719652071173
2.0,314.5038856168871
2.005,322.96269432652275
2.01,319.6331849951875
2.015,317.0425081984378
2.02,315.10842035041924
2.025,316.91895213773364
2.03,321.942807159588
2.035,319.3403643228859
2.04,312.99526870171127
2.045,312.1491556927663
2.05,317.4189525917205
2.055,319.37225195541464
2.06,317.38443901664994
2.065,319.0406249073094
2.07,317.6125712123334
2.075,298.0838588400193
2.08,309.0724522882136
2.085,324.19411533079733
2.09,316.14305730382796
2.095,321.0116834630618
2.1,312.6798923608275
2.105,315.0331803377224
2.11,319.4375126073229
2.115,326.8378560548
2.12,314.92276910591215
2.125,330.2942382881242
2.13,321.8382663255887
2.135,311.89525660670205
2.14,315.5424172979781
2.145,315.7393919754474
2.15,322.07458065522957
2.155,318.4166722176755
2.16,316.67479889483093
2.165,316.2982013980573
2.17,320.4089865811972
2.175,323.7736490346597
2.18,323.7969326516706
2.185,319.24773618461023
2.19,322.09796277731687
2.195,324.00690579587877
2.2,328.4269556749818
2.205,328.3765860051356
2.21,313.7751553650333
2.215,307.6602951167563
2.22,321.3631756956005
2.225,334.3380976997135
2.23,342.8204448431848
2.235,338.339191248078
2.24,347.4625853174328
2.245,353.87492393573547
2.25,360.1666615965952
2.255,368.452652322298
2.26,376.4243733534576
2.265,402.08471689308885
2.27,396.69575117404673
2.275,409.68474542228955
2.28,447.0924503343781
2.285,455.20648439879443
2.29,465.22976396867944
2.295,472.8738780584071
2.3,507.13017859841364
2.305,484.88763098116453
2.31,506.10582380125925
2.315,507.2925611731136
2.32,516.9333391398727
2.325,516.3281688161169
2.33,519.7475409244436
2.335,518.6800175538564
2.34,515.4641215078111
2.345,522.7735227724019
2.35,522.9063134413267
2.355,518.1721573018613
2.36,519.3470127779123
2.365,517.6865001170087
2.37,517.5765282514938
2.375,512.2640762634496
2.38,516.0467815069358
2.385,516.2148480208328
2.39,515.4751865065888
2.395,514.1444011976149
2.4,516.0604677992256
2.405,511.7093766373293
2.41,510.4026837254782
2.415,513.362057267625
2.42,513.0911578674918
2.425,517.1212594912159
2.43,514.3227721328939
2.435,511.560238195727
2.44,513.9572408800572
2.445,513.332598503157
2.45,512.4441511173686
2.455,513.906911050739
2.46,510.6834091076936
2.465,508.4956238869346
2.47,511.43099881964287
2.475,509.0906469923655
2.48,507.4248188350933
2.485,507.4584245958767
2.49,509.24126666139483
2.495,505.4372323389191
2.5,505.750678658869
2.505,506.11364864986996
2.51,509.3882502131279
2.515,511.6284999982644
2.52,513.2432817142536
2.525,516.1634516453978
2.53,511.79444232090054
2.535,512.5369975587537
2.54,510.78667409165956
2.545,509.81873508996216
2.55,511.1641025566931
2.555,511.7022734928661
2.56,512.0082914015265
2.565,511.7375945417758
2.57,511.90409919859826
2.575,512.2100133832103
2.58,514.5021911840646
2.585,513.0527108847119
2.59,514.731518621253
2.595,513.5793054106286
2.6,513.5758081542881
2.605,514.7632156569622
2.61,513.5293166410845
2.615,513.2256229176927
2.62,513.6945461968933
2.625,513.2955143057333
2.63,510.79811948969797
2.635,513.9288660781444
2.64,512.15099067943
2.645,510.7939368541074
2.65,511.2329143070326
2.655,511.1092016290117
2.66,512.9942923504656
2.665,510.71272218392016
2.67,512.6446636458636
2.675,515.6006063027266
2.68,513.5512123567411
2.685,510.94938198245677
2.69,512.9704083252519
2.695,505.40189436603094
2.7,511.5188445323727
2.705,510.9747384083145
2.71,512.9408171024239
2.715,510.865744293623
2.72,512.8763477058307
2.725,512.200052107805
2.73,512.9473367505311
2.735,510.0557227338443
2.74,509.9443541761313
2.745,513.6698252356875
2.75,516.1787750705059
2.755,517.2204701297878
2.76,516.3642703426799
2.765,516.8155971947086
2.77,516.0259532532582
2.775,510.7525247562804
2.78,514.6446751660543
2.785,514.5973159709819
2.79,512.8227127833397
2.795,514.6098761009063
2.8,515.3357460515134
2.805,517.4567242913055
2.81,519.557628881636
2.815,517.4228422613567
2.82,516.23748847072
2.825,516.1060408922077
2.83,515.6431882242273
2.835,510.71987089944673
2.84,515.2352701573595
2.845,514.0598512193292
2.85,514.852077504238
2.855,512.0753350698734
2.86,511.69613980032966
2.865,514.2118400511965
2.87,514.700057805298
2.875,514.2754425719515
2.88,510.91974342995
2.885,514.6251136681458
2.89,511.73812342585273
2.895,510.9933310595872
2.9,511.94742982650405
2.905,505.5401187069494
2.91,510.37097442282925
2.915,511.35915632863066
2.92,511.4076814655614
2.925,514.2451354280901
2.93,513.9233795041096
2.935,515.4063515259343
2.94,514.2590236512239
2.945,508.5664391326073
2.95,512.8417515941966
2.955,511.37820417557464
2.96,513.655839769483
2.965,514.9617418135415
2.97,514.6166320296553
2.975,510.667492430559
2.98,509.84644463736686
2.985,506.89605399257033
2.99,507.7245172090818
2.995,509.4945975769345
3.0,507.9767986389687
3.005,511.8044498567523
3.01,511.1198441910143
3.015,510.5243513658183
3.02,509.1122053643268
3.025,510.4127262107215
3.03,510.10825364103073
3.035,506.70975014240236
3.04,509.94644559955344
3.045,508.6105504671149
3.05,509.7045307760017
3.055,510.49600499662535
3.06,509.60723319394214
3.065,509.4414806104621
3.07,512.4166647634495
3.075,509.6173652434707
3.08,510.05254737759117
3.085,510.7487848129891
3.09,509.66409623795624
3.095,504.4183451322469
3.1,510.4101546639105
3.105,512.7004543213149
3.11,510.29579544702136
3.115,512.5473553123906
3.12,514.7736989342636
3.125,509.9772864745683
3.13,513.8194241228881
3.135,514.1122131821587
3.14,513.195594445261
3.145,512.0669734181563
3.15,513.2285210146597
3.155,515.8255010453555
3.16,511.21126002711077
3.165,512.6917399600861
3.17,514.0372294705616
3.175,511.832566407944
3.18,514.9993835455433
3.185,516.4975993442663
3.19,515.3694504193946
3.195,515.9367519475796
3.2,516.8170417824368
3.205,514.711975106372
3.21,514.5071435884173
3.215,512.7521415098298
3.22,512.3736656044044
3.225,513.1052840431046
3.23,513.6723853066178
3.235,510.2339101817377
3.24,511.8528282972012
3.245,510.7634657364499
3.25,510.3105096370179
3.255,511.4982766038676
3.26,511.24318148390324
3.265,510.7054486202832
3.27,510.01782032114363
3.275,509.08481436618126
3.28,507.1581169294955
3.285,508.1288663575167
3.29,506.401937451626
3.295,509.72979101420646
3.3,510.88698111737136
3.305,510.8222164398476
3.31,511.34420367788573
3.315,510.149705630767
3.32,508.9604705550478
3.325,510.1146739465035
3.33,509.111238390421
3.335,507.51568019714784
3.34,508.2787527586944
3.345,507.1991915437343
3.35,508.1566918926014
3.355,508.7457383476636
3.36,509.9832063877118
3.365,508.44992805874176
3.37,510.57240850503734
3.375,510.3295304136583
3.38,509.2863958024996
3.385,508.4987934520273
3.39,510.4423930965346
3.395,510.5184690868956
3.4,511.7517308690173
3.405,512.5794953248117
3.41,512.0958257214389
3.415,515.2980186782385
3.42,513.6912910274445
3.425,512.2547683646701
3.43,513.1824162737569
3.435,512.0250132190645
3.44,511.5954204797996
3.445,511.4736804487048
3.45,510.93505597064416
3.455,513.1715795537754
3.46,510.83470751283886
3.465,512.9010975058077
3.47,511.58085966645905
3.475,512.5843145412582
3.48,514.2622937289805
3.485,512.1148194653101
3.49,510.27422036093
3.495,513.5088502775288
3.5,512.1494119460796
3.505,511.8592137307556
3.51,514.4428106196307
3.515,511.9942325481696
3.52,514.2268948174979
3.525,512.3764549325546
3.53,513.4042209560298
3.535,513.0489484544042
3.54,512.3779311224858
3.545,511.2200672857718
3.55,509.9044187723254
3.555,511.23817525859465
3.56,509.2354394834943
3.565,511.0899177518575
3.57,509.2501435345879
3.575,512.5166066860503
3.58,510.57561834348934
3.585,513.0316639116501
3.59,512.5394327154565
3.595,512.1358963089107
3.6,511.6193799844899
3.605,512.2366450353777
3.61,512.8476727824874
3.615,513.3107172467481
3.62,511.6316835757299
3.625,511.25052725886684
3.63,512.1980530439023
3.635,511.16311247734365
3.64,512.8900262027638
3.645,513.7369140280699
3.65,513.8300666838206
3.655,511.0826515052543
3.66,512.7491454263812
3.665,512.2599027579511
3.67,512.5678812267151
3.675,509.61795098777014
3.68,511.0029782039268
3.685,510.32514092546415
3.69,509.6831653247426
3.695,508.0760953591104
3.7,508.40410472333116
3.705,508.9744571696441
3.71,509.09899012206336
3.715,508.90225637643647
3.72,508.90784532038475
3.725,510.15523329050814
3.73,509.9336778828627
3.735,509.07875936934363
3.74,509.075864096809
3.745,509.70172122686427
3.75,510.36654467808916
3.755,510.73010016211975
3.76,511.17062175331955
3.765,510.65290774553284
3.77,510.32513497865506
3.775,511.0517671880222
3.78,512.1184172591934
3.785,511.08627713305776
3.79,510.8172853208726
3.795,510.68415732211616
3.8,512.6518945151532
3.805,512.2828094251687
3.81,513.6701631554646
3.815,513.4055122399975
3.82,514.3796649923315
3.825,514.1550684405878
3.83,510.156508637984
3.835,508.7252456600732
3.84,500.5934008139701
3.845,505.2917689431535
3.85,502.1357081158041
3.855,510.74860114161686
3.86,500.98335846063037
3.865,509.65553409721656
3.87,514.2326260208065
3.875,516.6095280440463
3.88,508.88186425921475
3.885,511.93639099272025
3.89,527.1142667233217
3.895,525.9012139009537
3.9,513.5782862561042
3.905,509.73224618134344
3.91,508.8490602798683
3.915,506.9609797557948
3.92,507.47879066346593
3.925,502.63343467545997
3.93,512.2896989294079
3.935,516.6002695786776
3.94,508.23357492183925
3.945,524.8877020991113
3.95,0.0
3.955,0.0
3.96,0.0
3.965,0.0
3.97,0.0
3.975,0.0
3.98,0.0
3.985,0.0
3.99,0.0
3.995,0.0
4.0,69.9523203672605
4.005,74.12336756431412
4.01,90.83411876961135
4.015,85.50032879616683
4.02,77.36904897179309
4.025,71.74475900147648
4.03,71.90784168593734
4.035,76.70735703337009
4.04,78.96042071784154
4.045,73.29022965811387
4.05,73.26144990338723
4.055,73.52247753874045
4.06,0.0
4.065,0.0
4.07,0.0
4.075,0.0
4.08,0.0
4.085,0.0
4.09,0.0
4.095,0.0
4.1,0.0
4.105,0.0
4.11,0.0
4.115,0.0
4.12,0.0
4.125,0.0
4.13,0.0
4.135,0.0
4.14,0.0
4.145,0.0
4.15,0.0
4.155,0.0
4.16,0.0
4.165,0.0
4.17,0.0
4.175,246.38973649367162
4.18,276.66723522835457
4.185,235.92366782595877
4.19,223.31837235153904
4.195,243.97153676300104
4.2,249.78262065321326
4.205,263.03138026950955
4.21,275.1044541541471
4.215,235.85576568751796
4.22,251.0125320074475
4.225,273.0663056758225
4.23,296.0448662062167
4.235,304.84241710173234
4.24,277.1201793469757
4.245,249.21276767181766
4.25,207.62960110520362
4.255,200.98852952933146
4.26,232.82309490834749
4.265,240.9883336682366
4.27,246.21921445433148
4.275,237.94194616863427
4.28,240.23641535663964
4.285,238.7388433244366
4.29,238.397664459947
4.295,239.8423349067722
4.3,238.02893206221842
4.305,239.0252841865588
4.31,237.73448850522877
4.315,239.76654373908372
4.32,238.73223567100436
4.325,240.98404916401242
4.33,240.950752364308
4.335,243.08327105672527
4.34,243.58930663896354
4.345,244.59142014837042
4.35,246.3834758994038
4.355,248.17186867170844
4.36,247.69552567369308
4.365,249.6468607297233
4.37,250.37714117320786
4.375,252.04500356753042
4.38,253.417080213295
4.385,254.20277677400517
4.39,253.28131479503435
4.395,253.551277967826
4.4,252.04314704706798
4.405,253.49541362862234
4.41,252.02179923871446
4.415,251.5958470004243
4.42,251.22808810024827
4.425,250.70648025080357
4.43,250.5162746214301
4.435,250.26130647180213
4.44,250.32473546908884
4.445,250.60041504811966
4.45,250.0761270858095
4.455,248.929644017355
4.46,248.23431632348542
4.465,244.50004453857508
4.47,239.93408917002705
4.475,243.32181874404725
4.48,243.0726658564905
4.485,243.2293480509306
4.49,244.82312957343083
4.495,244.91354224739507
4.5,245.01198609746774
4.505,245.13385581235036
4.51,245.7687041342665
4.515,246.56785256503866
4.52,246.73392805975442
4.525,247.03426121861818
4.53,248.64728785892513
4.535,248.84141421495409
4.54,249.99614509135142
4.545,249.17505854215148
4.55,250.4980181404825
4.555,249.9762390304564
4.56,249.75828402715467
4.565,249.13805699200896
4.57,248.22230732128088
4.575,247.3413637973901
4.58,246.02053604308216
4.585,245.92241272479018
4.59,244.72258823282843
4.595,243.7002060441935
4.6,243.18580511063286
4.605,242.9838412281616
4.61,242.73689517733206
4.615,242.0790872705914
4.62,242.3040519490565
4.625,242.3132314032872
4.63,242.429465234391
4.635,242.61802597617043
4.64,242.93861635824564
4.645,243.07634159851824
4.65,242.56150827459115
4.655,242.44447183491766
4.66,242.7437162604586
4.665,243.26700473315304
4.67,242.19695374972255
4.675,242.8875185769923
4.68,241.8576162477777
4.685,242.12669688062402
4.69,241.80136646035018
4.695,241.63567392070735
4.7,241.28325639077588
4.705,241.34620328824008
4.71,241.3633187270446
4.715,240.5068375095303
4.72,239.55757124246364
4.725,246.20015247069583
4.73,245.10535919292903
4.735,245.53179054474865
4.74,246.00225787814034
4.745,244.24609438478095
4.75,243.25270578234077
4.755,242.42522677911236
4.76,242.85831866833428
4.765,242.58961481346716
4.77,242.7274841081161
4.775,242.62747843975586
4.78,243.1629267818016
4.785,243.14505403189577
4.79,243.28671228704314
4.795,243.5751495541138
4.8,242.3527381031417
4.805,243.31861072156505
4.81,243.17791421194883
4.815,244.26884102293008
4.82,244.43403662489646
4.825,243.9035860827709
4.83,244.21269421314676
4.835,243.37937863771168
4.84,244.30022439448075
4.845,244.56508459821677
4.85,243.34723474432332
4.855,244.52452282499186
4.86,244.20289665771324
4.865,244.6823302219062
4.87,245.3670609506661
4.875,245.75274349791428
4.88,245.47765369010835
4.885,246.3535522131287
4.89,245.54954459497813
4.895,245.45200692720428
4.9,244.80806109569372
4.905,243.58628793481208
4.91,242.345493261112
4.915,240.64217295898055
4.92,239.9385275623256
4.925,238.18066396402898
4.93,242.7050440554051
4.935,248.25673310672994
4.94,248.59770826142986
4.945,248.28710009320093
4.95,247.06196515718946
4.955,248.03852030454925
4.96,247.12422408261293
4.965,247.69242318049146
4.97,247.38782957410055
4.975,247.7493194913814
4.98,247.8487571335335
4.985,247.27574775136938
4.99,247.29323502180898
4.995,247.21613140842163
5.0,246.48117554015988
5.005,246.5676938307224
5.01,245.9107790620061
5.015,245.89700396883924
5.02,245.70533168267855
5.025,244.91276415696697
5.03,245.92533791563434
5.035,245.30604094702383
5.04,244.57866573928638
5.045,245.19781639434743
5.05,245.18095431816354
5.055,244.59057287470912
5.06,244.9326082475343
5.065,244.96656886448866
5.07,244.88108398839302
5.075,244.94428190394478
5.08,245.40663005198178
5.085,246.13096782151433
5.09,245.665243601374
5.095,246.22617129031278
5.1,245.7089466832636
5.105,246.55748682065004
5.11,246.96882329729942
5.115,247.1217479235343
5.12,246.84020017230907
5.125,247.54870237605536
5.13,247.45829114588634
5.135,247.46070885150587
5.14,247.76946464421908
5.145,248.5051029157383
5.15,247.12625740407745
5.155,247.67324942447001
5.16,247.43840622324186
5.165,247.07138359779978
5.17,247.4996037851396
5.175,246.70376202297663
5.18,237.57290936165563
5.185,241.30269206310282
5.19,241.98355620439818
5.195,242.57963353032872
5.2,242.2653622022873
5.205,243.29435243284672
5.21,243.04549424195326
5.215,244.1467196545234
5.22,244.79166216691368
5.225,244.6427549331274
5.23,252.29290488248208
5.235,252.98813978978677
5.24,255.0777583632496
5.245,256.5207682794819
5.25,256.90377127852287
5.255,255.86935089466854
5.26,255.50250980081864
5.265,252.00242483235525
5.27,252.2022572207729
5.275,251.6787418979271
5.28,251.51964529301736
5.285,250.2311652389616
5.29,247.70135576330873
5.295,246.13636418079932
5.3,243.3105326605034
5.305,242.7658818547246
5.31,243.12070253290148
5.315,243.43182196794265
5.32,243.87860905277824
5.325,244.48005028618724
5.33,243.91526067280716
5.335,244.2332335761968
5.34,244.12732101826813
5.345,243.6878945796856
5.35,243.0821330892992
5.355,242.78198848975097
5.36,242.40529201017654
5.365,241.98813243661232
5.37,241.1820340268408
5.375,240.41214308066765
5.38,240.23408069593702
5.385,238.8701065572661
5.39,238.82313825808183
5.395,237.78209694742898
5.4,236.83540170534224
5.405,235.8039805074775
5.41,236.16015125978305
5.415,237.4349288790502
5.42,237.4012370309401
5.425,258.3911655997125
5.43,263.99633961714886
5.435,246.73081989305945
5.44,250.30628720615294
5.445,247.19558739970503
5.45,247.22145390865916
5.455,243.51554632467418
5.46,242.51892543134645
5.465,239.94558113469682
5.47,239.54487460723706
5.475,240.37653457710056
5.48,239.6199126415097
5.485,240.9548544144638
5.49,240.97402695513412
5.495,241.96387665151224
5.5,240.6620405735259
5.505,240.92161682188296
5.51,241.40540973404484
5.515,245.70918908985954
5.52,243.56822374403578
5.525,246.210994731656
5.53,239.19687540094495
5.535,249.96245543586977
5.54,245.88862659890967
5.545,245.54945972484128
5.55,242.32211130001002
5.555,242.37929358141653
5.56,241.6524749643313
5.565,245.63665696976972
5.57,244.27589615750006
5.575,245.03790140542674
5.58,245.4983226582094
5.585,244.74446764501275
5.59,246.53296605891987
5.595,244.63713318002144
5.6,242.28057232756484
5.605,242.019217266128
5.61,241.33168645498523
5.615,243.44538754730522
5.62,245.0795884925417
5.625,242.46975255993317
5.63,245.64849880437225
5.635,246.2036013080759
5.64,248.08352004949325
5.645,245.1686563513632
5.65,249.16736008812748
5.655,250.7419676983898
5.66,238.03320587185488
5.665,248.371163194408
5.67,243.62445252301166
5.675,246.1274092166823
5.68,243.8020174026184
5.685,232.91722808660026
5.69,267.1760182983255
5.695,237.9607389483698
5.7,285.0797568666177
5.705,264.09711093231846
5.71,348.79020448700044
5.715,254.71897264418592
5.72,283.4969210283558
5.725,289.88609905141715
5.73,286.73130855736116
5.735,274.62085828380424
5.74,270.66202944497036
5.745,282.41859264393867
5.75,270.6704969930855
5.755,270.5635896914602
5.76,269.7191107799093
5.765,271.9458907013131
5.77,271.6665379653181
5.775,269.4196217390038
5.78,272.1000275566415
5.785,264.87772038423435
5.79,267.43715483560015
5.795,273.7885255042526
5.8,273.925256611734
5.805,271.8638204440764
5.81,276.85191632118745
5.815,279.1485079286302
5.82,275.85349586176335
5.825,276.1040262130767
5.83,279.72937910151967
5.835,278.7897661148488
5.84,277.46530156268204
5.845,278.5340559327254
5.85,279.58145343476025
5.855,279.2553420223106
5.86,282.32044751390583
5.865,283.1860217533001
5.87,285.1873577433066
5.875,287.20747194675846
5.88,285.7847458856554
5.885,287.3325966075385
5.89,287.46588512209104
5.895,291.3987558002637
5.9,288.01407625907257
5.905,291.3423173720975
5.91,295.98896834982423
5.915,299.1220516757784
5.92,298.62719010525797
5.925,293.69332869679005
5.93,293.36546230374944
5.935,297.5834213330791
5.94,293.2344393844461
5.945,295.2333397093562
5.95,293.6322518215542
5.955,293.04414882383855
5.96,290.69209608209644
5.965,295.75094820243964
5.97,292.2210187940347
5.975,291.0884475467917
5.98,290.1489148683983
5.985,293.3124321769624
5.99,289.79461761964734
5.995,295.1269320140094
6.0,292.4241619852881
6.005,290.0973047785977
6.01,292.122285375625
6.015,293.7100940475803
6.02,297.0400746843634
6.025,298.7966237497542
6.03,297.3324276918203
6.035,303.9771076094866
6.04,300.3943166413282
6.045,296.8538942135819
6.05,290.66998539516874
6.055,292.1880349770626
6.06,290.38953943344416
6.065,286.5229827202727
6.07,290.53862558935435
6.075,275.39948594030403
6.08,303.4214821255763
6.085,286.8134714361916
6.09,300.8479317870146
6.095,302.3681730186515
6.1,288.7898287694275
6.105,282.5609585468713
6.11,274.73818890317506
6.115,263.37596625490704
6.12,277.7201868555287
6.125,256.40539394172
6.13,253.00816731467683
6.135,277.6445138999962
6.14,290.8333444988973
6.145,268.2670014211614
6.15,0.0
6.155,0.0
6.16,0.0
6.165,0.0
6.17,0.0
6.175,0.0
6.18,0.0
6.185,0.0
6.19,0.0
6.195,0.0
6.2,0.0
6.205,0.0
6.21,422.50428790357944
6.215,434.0284254191745
6.22,483.94031677806555
6.225,511.3966174328054
6.23,530.6796755375492
6.235,486.82298223309436
6.24,553.6348697720332
6.245,515.6979750273073
6.25,485.27283582777557
6.255,471.50784790506697
6.26,493.48090777154215
6.265,496.9761031530573
6.27,494.4404384381559
6.275,495.6510859520321
6.28,495.64816904458394
6.285,497.6013115604383
6.29,501.72704179412347
6.295,501.354313573483
6.3,501.14266815465936
6.305,503.02646005162677
6.31,502.27656832054384
6.315,500.0756380920398
6.32,500.90351922576383
6.325,500.2894242164577
6.33,499.5942047869195
6.335,497.7156158022816
6.34,496.66556004268205
6.345,499.93189950689225
6.35,498.3924231636276
6.355,497.48501371216935
6.36,496.0795104658607
6.365,496.2850931538793
6.37,496.77326101930964
6.375,499.15764586914594
6.38,499.80208807061894
6.385,498.4179865478302
6.39,498.62118477925173
6.395,498.69285411770653
6.4,497.8180990226471
6.405,500.3163786905327
6.41,498.41648572276455
6.415,497.1720329705464
6.42,498.28929954239163
6.425,495.53697508102664
6.43,497.92764008721457
6.435,492.1439188552129
6.44,493.4381592569657
6.445,494.8687286019008
6.45,491.6770263550545
6.455,488.8361580843638
6.46,490.91407793282485
6.465,489.40843882388896
6.47,482.12501285380034
6.475,479.97843486747934
6.48,482.23243364599307
6.485,486.15141371829793
6.49,486.95786310055746
6.495,486.4588441047144
6.5,487.0371772083807
6.505,485.839039666627
6.51,484.67536809313685
6.515,482.35080190566885
6.52,485.83410103124567
6.525,483.65872840642766
6.53,488.8133053407223
6.535,487.7168998078673
6.54,483.0092140840718
6.545,487.290400706697
6.55,484.96887534245883
6.555,486.52685345651037
6.56,488.1656260922515
6.565,489.0656838130397
6.57,487.04725532368406
6.575,488.4716056796063
6.58,484.5314001359622
6.585,489.3529071991403
6.59,485.6601040893529
6.595,485.6164713648538
6.6,482.4953574383331
6.605,484.6312473032595
6.61,484.67226207654676
6.615,486.21749363018444
6.62,484.5650004276084
6.625,485.8869847600051
6.63,482.8415648998412
6.635,487.2741187730782
6.64,486.9843643294004
6.645,484.44536476891784
6.65,486.50443712579875
6.655,486.69988910917874
6.66,485.40311956528694
6.665,485.577059970602
6.67,485.4104014857446
6.675,487.38562599073714
6.68,486.9070179099249
6.685,484.63863409648224
6.69,487.5210457191939
6.695,483.8527053010812
6.7,485.65892699696184
6.705,483.6552891792459
6.71,482.46972599441307
6.715,483.00822672637725
6.72,483.93866195064453
6.725,482.94355846488054
6.73,479.8601627320175
6.735,482.1497649958318
6.74,482.61255224421035
6.745,483.58954454516453
6.75,483.7349709790797
6.755,486.1574901600634
6.76,486.6200229468401
6.765,483.53065213799476
6.77,484.11211874713945
6.775,485.8224487207968
6.78,486.9879214525414
6.785,484.31785643982516
6.79,485.6930584035052
6.795,482.5185559603201
6.8,485.7250157624805
6.805,482.4170827881416
6.81,485.1398286947593
6.815,484.4397325168613
6.82,486.7508029628237
6.825,486.078182238899
6.83,484.11063450016354
6.835,483.1833270017042
6.84,486.09593775543294
6.845,483.8359594074847
6.85,485.50259099753595
6.855,485.81188242739165
6.86,484.20128106103357
6.865,488.36469154455085
6.87,489.0358188450134
6.875,487.5704105868002
6.88,488.33433088163565
6.885,488.7650714341307
6.89,486.26935408603777
6.895,486.44678194962137
6.9,487.4232334545748
6.905,487.92662728230226
6.91,487.29926323118417
6.915,486.43281992853815
6.92,489.22492332368984
6.925,487.06087801833837
6.93,486.40949366350054
6.935,482.7806283603024
6.94,485.4606574162165
6.945,486.0337495342565
6.95,483.5665019155234
6.955,487.48033255862845
6.96,486.64463804917864
6.965,486.6234467211328
6.97,487.50233624110496
6.975,485.02064470775895
6.98,489.4042548715384
6.985,486.79144721722315
6.99,489.3426245420476
6.995,488.8810156023708
7.0,488.82665786484813
7.005,488.9617671802519
7.01,490.08383265096415
7.015,487.7408518339551
7.02,487.576031524918
7.025,489.1344909056171
7.03,487.93861373109036
7.035,487.8897820501475
7.04,486.2823332910787
7.045,487.33111538479153
7.05,487.73145321059417
7.055,488.1811578480842
7.06,488.8328820913564
7.065,488.9809549162959
7.07,489.2372635360897
7.075,488.2891835074027
7.08,488.36135804683306
7.085,489.9972143240112
7.09,488.9073855096876
7.095,489.6630049639628
7.1,489.79913415162696
7.105,491.64154921209183
7.11,491.05709181710847
7.115,490.5209475570709
7.12,492.14586772744633
7.125,492.2562034155345
7.13,493.14278663063095
7.135,493.3934608152926
7.14,492.63821401376185
7.145,492.058041973076
7.15,490.2505739449091
7.155,489.6545099132844
7.16,487.7988651473934
7.165,486.5828104625631
7.17,488.1037776869653
7.175,490.5802271836966
7.18,488.0267530528918
7.185,489.1859570781716
7.19,489.2611592411203
7.195,490.30433576262953
7.2,489.65587842509274
7.205,489.60265837294156
7.21,488.65740694303787
7.215,489.09249470487515
7.22,488.67497181585344
7.225,489.56905092958505
7.23,489.8592737558555
7.235,487.5534367322304
7.24,485.98461565668663
7.245,487.95416142379145
7.25,487.2526915262712
7.255,486.9189431010839
7.26,486.58741925549606
7.265,484.3736203870675
7.27,486.05949146660123
7.275,483.4254883713618
7.28,486.7219686675088
7.285,483.7616887799011
7.29,485.58778240249785
7.295,484.5990111116314
7.3,485.19548710857026
7.305,484.9366397037155
7.31,486.90170807593665
7.315,488.85268900686106
7.32,488.44939626175454
7.325,487.8340267094831
7.33,485.88631765527344
7.335,487.21184930902825
7.34,486.2690315206934
7.345,484.47574434956476
7.35,484.6885587192302
7.355,485.3355945263868
7.36,485.86095709935876
7.365,487.62000003150433
7.37,486.3068717308586
7.375,486.92980402594475
7.38,488.8036458535079
7.385,488.84355862508846
7.39,488.28326406595016
7.395,488.59485148140146
7.4,487.73538186789443
7.405,487.9206295226664
7.41,488.12179940041534
7.415,487.99215688047525
7.42,487.20320457317695
7.425,487.78171768297807
7.43,486.13292840337084
7.435,484.47360100015857
7.44,486.26043675944254
7.445,485.74693547690174
7.45,485.8902781297726
7.455,486.87910058978696
7.46,487.05224228343565
7.465,484.46969276048657
7.47,485.65615748598645
7.475,487.96206804546415
7.48,487.59463482266034
7.485,488.1575968248171
7.49,487.7090196451269
7.495,489.7704741455884
7.5,489.2979427397034
7.505,489.4544816002778
7.51,492.0206890620358
7.515,491.8207121809831
7.52,495.6151157308948
7.525,496.5544446074724
7.53,497.7189544446439
7.535,500.3960715443313
7.54,499.8315941196873
7.545,499.86520944008504
7.55,498.1554046570579
7.555,498.71222690174983
7.56,496.74756691999306
7.565,496.8420827241345
7.57,494.14212911015517
7.575,493.27118665379845
7.58,492.23421822087954
7.585,492.0539928720537
7.59,490.93271530660155
7.595,487.80047587078235
7.6,487.8784918604102
7.605,486.1473768749187
7.61,485.44487187220824
7.615,485.4037612673716
7.62,484.5192096593676
7.625,486.11025611865205
7.63,485.0563659726585
7.635,485.4089704124166
7.64,484.94323962852883
7.645,484.5043098834333
7.65,485.76530268019405
7.655,484.5910409592163
7.66,485.4059924000962
7.665,485.3225381667563
7.67,485.1797588073835
7.675,485.6071014168101
7.68,485.21026721305896
7.685,483.5807215462896
7.69,486.95183626616847
7.695,487.67553164981763
7.7,486.8130570084293
7.705,488.0811369989844
7.71,490.28077570173934
7.715,491.67695539610975
7.72,493.413629374265
7.725,494.6719297696468
7.73,495.073288273091
7.735,497.12201070314904
7.74,499.9095634896695
7.745,503.8652632364866
7.75,513.9422961779393
7.755,510.9124478666893
7.76,501.7492348254639
7.765,501.36271013698826
7.77,496.8226864170425
7.775,488.3940122239926
7.78,493.43028041153786
7.785,493.48078558250586
7.79,487.9117761030209
7.795,496.25537959498365
7.8,487.1721223399353
7.805,501.25774799436385
7.81,452.0443132198466
7.815,467.1061417348122
7.82,514.4353594050774
7.825,456.8818828799773
7.83,436.9513602862943
7.835,458.4450248856331
7.84,528.5377071417604
7.845,570.4313768972213
7.85,0.0
7.855,0.0
7.86,0.0
7.865,0.0
7.87,0.0
7.875,0.0
7.88,0.0
7.885,0.0
7.89,0.0
7.895,0.0
7.9,0.0
7.905,0.0
7.91,0.0
7.915,0.0
7.92,0.0
7.925,0.0
7.93,0.0
7.935,0.0
7.94,0.0
7.945,0.0
7.95,0.0
7.955,0.0
7.96,0.0
7.965,0.0
7.97,0.0
7.975,0.0
7.98,0.0
7.985,0.0
7.99,0.0
7.995,0.0
8.0,0.0
8.005,0.0
8.01,0.0
8.015,0.0
8.02,0.0
8.025,0.0
8.03,0.0
8.035,0.0
8.04,0.0
8.045,0.0
8.05,0.0
8.055,0.0
8.06,0.0
8.065,0.0
8.07,0.0
8.075,0.0
8.08,0.0
8.085,0.0
8.09,0.0
8.095,0.0
8.1,0.0
8.105,0.0
8.11,0.0
8.115,0.0
8.12,0.0
8.125,0.0
8.13,0.0
8.135,0.0
8.14,0.0
8.145,0.0
8.15,0.0
8.155,0.0
8.16,0.0
8.165,0.0
8.17,0.0
8.175,0.0
8.18,0.0
8.185,0.0
8.19,0.0
8.195,0.0
8.2,0.0
8.205,0.0
8.21,0.0
8.215,0.0
8.22,0.0
8.225,0.0
8.23,252.40980968811058
8.235,210.77221327438
8.24,249.82743022864503
8.245,240.0207659903993
8.25,235.70119347989484
8.255,211.00104297618913
8.26,194.74552208695962
8.265,194.180041487382
8.27,211.65099906253926
8.275,213.74012080498485
8.28,208.20589115875134
8.285,231.07130293009803
8.29,234.19298644656965
8.295,240.53228473324583
8.3,252.64904594585025
8.305,237.53850624673854
8.31,231.75307795037986
8.315,220.99371994892934
8.32,227.74832087704618
8.325,229.451194813984
8.33,231.92698574415644
8.335,233.36753805515502
8.34,235.9362258012117
8.345,234.62432276790884
8.35,238.14260730596044
8.355,239.63232681768807
8.36,239.29878791218394
8.365,241.9156569316179
8.37,243.35886603950786
8.375,243.0980648054993
8.38,242.6233569922836
8.385,243.9022389474312
8.39,245.1416509172273
8.395,247.08632367612432
8.4,246.81633283225534
8.405,248.30514303985507
8.41,249.82606060583097
8.415,253.22004336131965
8.42,254.57227823435298
8.425,254.3575046803279
8.43,256.96621822423646
8.435,257.0554729367693
8.44,257.1207182784698
8.445,258.50722399046174
8.45,257.7138033852233
8.455,260.4543847409484
8.46,258.380025147425
8.465,256.02103306598167
8.47,255.90129405679585
8.475,253.78869157915804
8.48,253.75192412402237
8.485,254.7216429715433
8.49,254.9992336364609
8.495,255.00706200906072
8.5,254.98413449203156
8.505,256.0272630337923
8.51,255.99986606515418
8.515,256.3970807629511
8.52,256.167182542699
8.525,255.51955912955813
8.53,255.83756540739307
8.535,256.4282145657738
8.54,255.83468106340922
8.545,256.4344828571155
8.55,255.8241520569388
8.555,257.1606428589192
8.56,254.79150101727933
8.565,256.1352115692171
8.57,254.77802498172096
8.575,257.38742083254897
8.58,257.38717774218816
8.585,255.91256564290828
8.59,257.2007817232967
8.595,256.873234992949
8.6,257.2793973132091
8.605,258.6467147832145
8.61,259.2319287640122
8.615,259.6274444851509
8.62,259.4047243775373
8.625,260.542395954392
8.63,261.68729804486964
8.635,260.24817553100206
8.64,260.25747766310474
8.645,260.42367211821795
8.65,261.0445533579621
8.655,261.1393191004717
8.66,260.2492610327887
8.665,259.18850642221815
8.67,258.5851039261079
8.675,258.59071732517896
8.68,258.34391019485906
8.685,257.5494369423617
8.69,257.2514902371839
8.695,256.71329829640894
8.7,256.7722947944846
8.705,256.9583376886334
8.71,257.6930689042477
8.715,257.19809999251163
8.72,258.2975323319331
8.725,260.4898477927224
8.73,262.0179245601837
8.735,259.28008406027465
8.74,255.7648808562394
8.745,257.0025282415822
8.75,254.9233551231198
8.755,255.1382433183222
8.76,256.2062598962228
8.765,254.04635591252713
8.77,254.15177329596688
8.775,254.66028314808284
8.78,256.2413839812234
8.785,253.79115214380258
8.79,236.79344783369157
8.795,254.3065639482384
8.8,249.8610610615026
8.805,247.19569824668483
8.81,246.29276186832183
8.815,248.96025014283856
8.82,255.0191038313679
8.825,256.402412431321
8.83,252.4294412163227
8.835,250.1990153532093
8.84,248.51070295279237
8.845,245.27492885060317
8.85,246.2121079473785
8.855,251.45630810154594
8.86,248.22786291194186
8.865,243.8642009879004
8.87,246.4822109205209
8.875,258.083800601407
8.88,256.62565040953234
8.885,254.35398571437003
8.89,229.30617138382715
8.895,264.0922747156173
8.9,242.80940649385556
8.905,265.77906931725533
8.91,260.3336243795333
8.915,282.4416105004584
8.92,244.4276411321966
8.925,270.404683350742
8.93,267.00307033421245
8.935,269.58432192478466
8.94,268.5576849532506
8.945,270.1458211158182
8.95,269.2857626678522
8.955,269.2440371391964
8.96,267.8710853824544
8.965,268.2345133588981
8.97,266.7940725578509
8.975,265.58041342848173
8.98,266.3977900695221
8.985,264.6545814150043
8.99,264.5298227565842
8.995,263.511678055235
9.0,262.9919291307091
9.005,262.45269952931164
9.01,262.1177693545814
9.015,262.7082046175732
9.02,261.9983432890028
9.025,263.1113625928383
9.03,261.40067634713716
9.035,260.9033746634258
9.04,261.4059034997899
9.045,260.54640937785524
9.05,260.6141610132153
9.055,260.66099571686306
9.06,260.7176557150805
9.065,260.5666562704575
9.07,260.0596156380154
9.075,260.5771033612711
9.08,259.3716830058538
9.085,259.39161737609646
9.09,258.93776880681867
9.095,258.44477599485754
9.1,258.1636861211843
9.105,258.9155812873586
9.11,258.77507470201726
9.115,258.37241220954945
9.12,258.1388759232924
9.125,258.64108941764647
9.13,257.9161115077618
9.135,258.90508609182433
9.14,257.8232413123305
9.145,258.2586983051428
9.15,260.6183343473705
9.155,259.26212532122344
9.16,259.9290711032165
9.165,260.27515248070307
9.17,258.89832744318363
9.175,261.36019661596464
9.18,260.8071567823449
9.185,255.56218741517083
9.19,251.92793606181695
9.195,250.75202347280344
9.2,248.8030241795089
9.205,247.4161680380557
9.21,244.82519750971824
9.215,245.99167420724893
9.22,253.84911155638167
9.225,251.00649811058526
9.23,256.27491052741505
9.235,242.79227602192785
9.24,255.85975652092165
9.245,267.02853558115373
9.25,263.51909451589745
9.255,265.09494229944255
9.26,265.4036015874754
9.265,263.3085685402515
9.27,263.21261175945347
9.275,262.08695003306207
9.28,261.60367506130746
9.285,261.84068154153647
9.29,261.16087300147643
9.295,259.2560497711919
9.3,261.5688225190161
9.305,261.2291304576471
9.31,259.33087190448873
9.315,260.8559930521561
9.32,260.63432063887245
9.325,259.54481757724074
9.33,260.15389517109435
9.335,259.76753630913475
9.34,261.6485284662686
9.345,257.92643685285844
9.35,257.79576471067475
9.355,260.6817499795222
9.36,255.82347477038607
9.365,253.27014244681374
9.37,247.08814585148767
9.375,250.65967871716012
9.38,235.95939848207345
9.385,245.72319209013563
9.39,253.8283729944428
9.395,257.31348153377166
9.4,267.1345369400817
9.405,262.4017718427492
9.41,261.70324579353684
9.415,263.25965676284534
9.42,261.01346253096295
9.425,258.31775167931835
9.43,262.1303293536867
9.435,260.2333219629925
9.44,259.70463892372277
9.445,263.65940411035626
9.45,260.77541223322976
9.455,259.02702707605283
9.46,263.2042497583312
9.465,258.18802930012305
9.47,261.0214580451794
9.475,263.4869633957731
9.48,259.0007352296588
9.485,259.93911931692526
9.49,262.4148923162206
9.495,257.6363878245309
9.5,260.8877865206214
9.505,259.5463313519376
9.51,256.05635673319506
9.515,261.7884635494015
9.52,258.3283889687987
9.525,256.4525663083773
9.53,259.6059119642499
9.535,257.97360528165666
9.54,257.2124675405877
9.545,260.00111280488505
9.55,257.98276291092895
9.555,255.86033842436902
9.56,262.6506134839884
9.565,256.21800049533056
9.57,265.38809881366245
9.575,261.7956396028484
9.58,258.96757711022315
9.585,262.74220325032405
9.59,263.42421544702745
9.595,258.9874213827779
9.6,267.12906948240175
9.605,263.6036073276043
9.61,260.8085692956634
9.615,266.4508956126136
9.62,265.37609305609715
9.625,260.0350747673269
9.63,266.6547380933501
9.635,260.47904354176757
9.64,257.85578056832617
9.645,253.5411339628487
9.65,255.0809203995023
9.655,255.362832623711
9.66,264.00787208122097
9.665,265.85043802466976
9.67,259.25633500929615
9.675,262.62984652870085
9.68,245.2664339317386
9.685,244.35109118246336
9.69,258.4125503834387
9.695,274.61923283793703
9.7,289.50624047566356
9.705,290.48661736560217
9.71,287.84849255213743
9.715,286.3453239004104
9.72,295.56144550330293
9.725,293.9837295258551
9.73,290.8073278362566
9.735,295.2688764479166
9.74,292.9272630467367
9.745,294.6579638260966
9.75,292.30505835148006
9.755,296.5979048622469
9.76,298.6663446203635
9.765,292.89637456293934
9.77,292.8676624826918
9.775,292.1773779969378
9.78,297.5589686939345
9.785,290.9331172208063
9.79,287.9559840206933
9.795,285.6196904871349
9.8,285.3788529189357
9.805,285.9610352379685
9.81,286.02683214711453
9.815,291.7193173491944
9.82,285.57894523152856
9.825,282.6806524293577
9.83,293.5529121207101
9.835,292.10654933351384
9.84,283.13624996488556
9.845,293.6440845250425
9.85,296.20046287107624
9.855,295.0659108806378
9.86,299.29316995541217
9.865,304.4542056960081
9.87,296.90480956434516
9.875,299.47150624811894
9.88,296.6184502417704
9.885,307.44950705602537
9.89,314.2829679256079
9.895,317.88399242105623
9.9,317.6092449135399
9.905,316.8393295908964
9.91,315.03667224658227
9.915,316.45030635245985
9.92,324.086052332859
9.925,320.4928895054154
9.93,326.64363658418193
9.935,320.5962349358765
9.94,318.2905261008361
9.945,325.9050000957345
9.95,319.2884832543505
9.955,320.9934743253712
9.96,320.2659135229879
9.965,320.0183273013492
9.97,319.37903352737413
9.975,319.7539773824098
9.98,315.7328045653665
9.985,316.61730235519
9.99,318.46746323554305
9.995,315.7920683507907
10.0,313.2582611229368
10.005,319.43821810643436
10.01,313.8555307915996
10.015,315.0379039995242
10.02,314.4679348810477
10.025,316.4678185903524
10.03,315.74477688671203
10.035,318.25213897239996
10.04,313.0721644417124
10.045,315.5437700109878
10.05,316.8928603190157
10.055,313.88994013088177
10.06,314.59884528070455
10.065,317.97343966119314
10.07,314.1230610303346
10.075,318.1817002900606
10.08,318.0486741408937
10.085,324.8700368550796
10.09,322.62323218214306
10.095,324.4467812429669
10.1,322.0053235628165
10.105,326.1826265700187
10.11,329.4960114652852
10.115,327.3545876453064
10.12,325.65740081161647
10.125,327.7573383207726
10.13,327.5143171938962
10.135,327.5983141678303
10.14,328.17710661520715
10.145,328.12911000135085
10.15,333.9326401774982
10.155,326.65504030317965
10.16,323.4622925066338
10.165,358.0771261625032
10.17,336.81805792811736
10.175,341.8559762071288
10.18,326.0715419800164
10.185,331.7323577605044
10.19,338.99952789061973
10.195,318.1507705530699
10.2,373.8118226658123
10.205,370.12767152326825
10.21,367.9970834525539
10.215,375.6018404771141
10.22,379.39326012176366
10.225,381.9674704081195
10.23,380.7576031848161
10.235,384.17634743329677
10.24,387.17972590891
10.245,390.2285344547865
10.25,392.9656869051026
10.255,394.22452645806874
10.26,393.5900716179941
10.265,393.865135225597
10.27,400.59951948559547
10.275,406.1162400271529
10.28,402.0574053830299
10.285,408.6268989850631
10.29,412.13708890631654
10.295,412.32525846869976
10.3,412.5283290585417
10.305,412.2125227741826
10.31,415.5891788598181
10.315,418.19457062000384
10.32,418.4663567693396
10.325,422.6482715234267
10.33,423.3092605230994
10.335,422.2798037827224
10.34,422.2699034259435
10.345,422.32965319578403
10.35,418.5166217895358
10.355,419.47107037370984
10.36,419.21636062442076
10.365,419.04667181069806
10.37,417.04128124909363
10.375,413.52197249140704
10.38,411.27193965497924
10.385,411.5376321384744
10.39,413.5549432634354
10.395,412.98684417630824
10.4,412.89474498863984
10.405,412.39166807949607
10.41,413.0402124004687
10.415,412.4673145294469
10.42,412.9408714116762
10.425,412.5086463770776
10.43,412.42840385125794
10.435,415.40444966783394
10.44,415.9154744849952
10.445,417.20644004443335
10.45,421.45752904547606
10.455,421.7966880683464
10.46,424.3436355974687
10.465,427.33327739940063
10.47,430.97907998772854
10.475,437.52065944384265
10.48,443.3598025150301
10.485,443.77638458986087
10.49,440.5451575836986
10.495,440.09714817355473
10.5,441.44192077494296
10.505,445.00003911974426
10.51,448.23578971579116
10.515,452.75857946793997
10.52,452.1887568116163
10.525,449.7138828713425
10.53,448.74471377746994
10.535,448.79429968453866
10.54,448.9255741202861
10.545,448.95664788503944
10.55,447.46746846225574
10.555,446.53990679525344
10.56,446.09266792848535
10.565,447.02067287178886
10.57,446.3521400202467
10.575,445.2973567542922
10.58,446.0674010898579
10.585,445.6500841848375
10.59,445.79526584713
10.595,446.5233867453547
10.6,446.2854892642681
10.605,447.2056903282718
10.61,446.90005306483624
10.615,448.1167812980817
10.62,447.3784334556282
10.625,447.3566190617217
10.63,448.3870413830955
10.635,451.23097518640003
10.64,448.6602564167612
10.645,448.3492642568377
10.65,450.3968962144804
10.655,449.5007930008902
10.66,449.4568169500562
10.665,447.90254647472494
10.67,447.1370039699042
10.675,447.2449584163322
10.68,447.6000175506167
10.685,446.2096184543305
10.69,444.5006510395527
10.695,445.2691687719821
10.7,445.61954853060934
10.705,443.3332822712486
10.71,443.76536855276083
10.715,444.7294547819523
10.72,441.86567288031966
10.725,445.0716922799774
10.73,443.70437733796524
10.735,442.02559736089614
10.74,439.2123046839434
10.745,441.4997035076394
10.75,441.55250175422
10.755,440.3522230287182
10.76,440.3541325836779
10.765,441.99411872132475
10.77,440.974276055239
10.775,441.7298700870006
10.78,441.45300818339695
10.785,442.47001556213394
10.79,440.9183334283032
10.795,440.5305492888821
10.8,441.5452908022027
10.805,439.4656211679812
10.81,442.115265099204
10.815,441.39359387711175
10.82,439.0916429939532
10.825,440.6304327921978
10.83,440.741541934499
10.835,441.7488385229659
10.84,440.88886590263854
10.845,440.543444946074
10.85,441.9335236707297
10.855,442.2174555260445
10.86,442.7595696010838
10.865,441.00870028174967
10.87,442.429139655428
10.875,443.2288309295476
10.88,443.1381734893504
10.885,444.73959166472326
10.89,443.9182191223211
10.895,445.8480585912248
10.9,446.0360895372921
10.905,448.0105665632279
10.91,448.09152483920013
10.915,447.39444859911913
10.92,447.4400959617688
10.925,447.5554131243517
10.93,446.61061824060755
10.935,445.4120598165229
10.94,444.0324351413193
10.945,443.39730713349616
10.95,442.9817759008116
10.955,443.92398518599924
10.96,442.3519875382571
10.965,441.5979380890537
10.97,441.33718801116095
10.975,444.0338198464632
10.98,443.66681375210334
10.985,443.25909147741163
10.99,444.3423513246655
10.995,442.49188396609065
11.0,444.4532795570778
11.005,446.04777337196475
11.01,445.5965113367205
11.015,443.5048666667794
11.02,445.83247461605924
11.025,445.3099072616305
11.03,444.79368345652153
11.035,447.07007908742315
11.04,445.9606523912997
11.045,444.51472619255526
11.05,444.9476686000858
11.055,444.6405301860347
11.06,443.31674940136554
11.065,444.04424844063533
11.07,443.0578463407677
11.075,441.696492689127
11.08,440.70387493989966
11.085,439.4557736384668
11.09,441.15125508644314
11.095,440.58539214924855
11.1,442.8974052771877
11.105,441.12504316294604
11.11,441.89703035314767
11.115,441.89004831058355
11.12,441.2638069713607
11.125,441.0919585928995
11.13,444.15668673865736
11.135,442.89648281583266
11.14,443.5991444820014
11.145,444.32558988732325
11.15,443.2966960872337
11.155,442.88659157815704
11.16,443.9134722319096
11.165,445.24438530143806
11.17,445.2728721878889
11.175,444.5770055753177
11.18,443.48388940429874
11.185,444.01245586476284
11.19,443.7365957451054
11.195,443.00536712839005
11.2,442.15360877092826
11.205,443.14298398726305
11.21,442.04422953494986
11.215,441.0211172438682
11.22,440.78276549738246
11.225,439.48966981084124
11.23,441.57132516675847
11.235,440.84553130686896
11.24,440.68589832197347
11.245,442.97353223841753
11.25,444.2508465623825
11.255,444.85915969993823
11.26,442.71526058498756
11.265,444.3872401831391
11.27,441.3598685637655
11.275,440.8600798586354
11.28,441.6103098117015
11.285,439.07266729425305
11.29,439.54790450785526
11.295,440.76021871819546
11.3,439.96030779559464
11.305,440.6771084280909
11.31,442.6831952232716
11.315,440.4079070182148
11.32,439.67791286905896
11.325,441.62967191064246
11.33,439.1819506730367
11.335,439.5723748783802
11.34,440.15910552943336
11.345,439.1327872122998
11.35,439.31909997585177
11.355,440.57457370604726
11.36,439.99949731615607
11.365,441.0701472674005
11.37,442.23950702475145
11.375,443.1573049275496
11.38,443.29696403416176
11.385,442.7663385502432
11.39,443.79957167858163
11.395,443.10059664181745
11.4,442.20144606205486
11.405,443.4635659769749
11.41,442.7255034840932
11.415,443.89007205172777
11.42,443.3066631125639
11.425,445.3750912073736
11.43,445.15572167925313
11.435,446.93220030604186
11.44,444.70696185512685
11.445,447.7597727262414
11.45,446.9627307820933
11.455,446.24091103244734
11.46,445.30219874297404
11.465,446.6462308674731
11.47,445.50990805715793
11.475,445.37980713048654
11.48,444.2938263195516
11.485,443.6812950139218
11.49,442.8839869126121
11.495,443.9505557595316
11.5,442.55781836243494
11.505,443.2551560056216
11.51,444.40257950854664
11.515,443.9456764161124
11.52,443.65430537375016
11.525,445.06788008436536
11.53,444.36058307723243
11.535,444.5205028746374
11.54,442.9175141590161
11.545,444.3305583407594
11.55,442.98670035199666
11.555,442.4036718216879
11.56,443.2124305986275
11.565,441.60172578257664
11.57,440.6575747649844
11.575,439.54148555333234
11.58,439.694415907333
11.585,440.87826144553276
11.59,439.24124204603487
11.595,438.7707063584126
11.6,440.53478362911983
11.605,441.4909930047181
11.61,443.6460774990799
11.615,440.53655410873006
11.62,439.85777431373793
11.625,438.1067674812951
11.63,438.0792877767409
11.635,436.632847265798
11.64,437.97064851061685
11.645,436.84337006438926
11.65,439.0835601120533
11.655,441.4548797146768
11.66,440.19757846520326
11.665,443.3702238174391
11.67,443.09947129791595
11.675,444.0283067068059
11.68,446.2427133281315
11.685,445.8370470518872
11.69,444.8064420719437
11.695,443.14927407691226
11.7,443.3787731078132
11.705,444.96732363185873
11.71,441.7586125578747
11.715,440.3351889123253
11.72,442.30285804031996
11.725,442.3613005138322
11.73,441.60650154487325
11.735,441.6537218015049
11.74,440.3911788410753
11.745,442.09126915318154
11.75,441.36854427526947
11.755,439.9766070311423
11.76,438.4166669012786
11.765,440.3153726541402
11.77,437.1237883077744
11.775,438.47690154612394
11.78,437.153543915081
11.785,438.7497035309894
11.79,439.48473251255103
11.795,437.72681847932876
11.8,436.2515603593618
11.805,439.21213905932274
11.81,440.0919489677652
11.815,441.28764459797685
11.82,442.6505831208598
11.825,441.80436746386783
11.83,442.2721231549229
11.835,442.73137161189726
11.84,443.9981881610632
11.845,441.9099394427469
11.85,440.5372948879403
11.855,443.19935032905664
11.86,439.9056636871515
11.865,438.77404149075886
11.87,437.7110958111234
11.875,436.5227078306877
11.88,434.5630266279302
11.885,434.2371911203597
11.89,432.8312487691582
11.895,431.3688712639361
11.9,429.1408737407553
11.905,427.6071270522298
11.91,425.0797164115173
11.915,423.65959269824475
11.92,421.3584925177854
11.925,418.91540609330775
11.93,414.41513186024116
11.935,412.1886830373774
11.94,407.9471384184951
11.945,403.0183133468396
11.95,404.78148962137755
11.955,405.87746410808256
11.96,407.40089836440904
11.965,409.80671048784626
11.97,407.95053796547484
11.975,406.8744780859691
11.98,407.2933610403409
11.985,405.62118545041113
11.99,405.8463056947598
11.995,409.2679377478596
12.0,414.59067491818695
12.005,415.30836943474003
12.01,415.82629467641993
12.015,418.5410425144245
12.02,419.3641613107228
12.025,421.26334859802444
12.03,422.14475734721003
12.035,425.7306817597844
12.04,429.69131204361094
12.045,432.0877151965987
12.05,437.85758308252014
12.055,442.07513998988225
12.06,441.67801255420204
12.065,439.9717254769161
12.07,439.89039287678673
12.075,440.5905996666467
12.08,440.84526179032986
12.085,443.9611986956976
12.09,445.45360934057453
12.095,447.3163597068483
12.1,444.6915337926239
12.105,439.58284179360305
12.11,436.7438196994912
12.115,435.0698841691772
12.12,437.200445159688
12.125,435.9566092133599
12.13,436.83426133271104
12.135,437.2084713216005
12.14,435.59147107039183
12.145,434.34654981407607
12.15,434.66194062140465
12.155,435.7700872584854
12.16,434.16388744334034
12.165,434.8408543873664
12.17,432.6332645615669
12.175,431.5411611000056
12.18,431.4479512720523
12.185,430.4134979742751
12.19,428.61899247024166
12.195,425.8786395634631
12.2,424.41655717500925
12.205,420.87510232524136
12.21,417.8829371024113
12.215,413.7556714132425
12.22,409.80243834057023
12.225,405.4096446884215
12.23,403.4259908908168
12.235,401.638063139522
12.24,403.53329272298913
12.245,403.83836695646187
12.25,403.8153817324423
12.255,402.05905000127603
12.26,396.7937199581357
12.265,392.46851753005063
12.27,395.8923293172954
12.275,395.1851553383569
12.28,397.59655724810546
12.285,399.20390350933155
12.29,400.47797562078966
12.295,402.14551050828373
12.3,401.8134974908725
12.305,402.61743892428757
12.31,401.18096416040703
12.315,402.2078008703565
12.32,401.6491099627049
12.325,399.27710813585855
12.33,399.56689715746353
12.335,398.78481952953877
12.34,398.5792824577022
12.345,399.0897642605849
12.35,397.8673848720839
12.355,397.43776859674506
12.36,397.1741739252916
12.365,396.04750624759464
12.37,396.76933623650615
12.375,394.16757450769796
12.38,393.9022046063621
12.385,393.0660176150164
12.39,393.87452140781465
12.395,394.21368863126327
12.4,395.23296823665544
12.405,394.61993393251345
12.41,394.8920728602685
12.415,392.914341856895
12.42,393.9406844208301
12.425,395.1629306251404
12.43,395.1894502011314
12.435,392.63455517018576
12.44,395.1410917107507
12.445,395.39334220330244
12.45,395.66973116953955
12.455,397.6469257109518
12.46,397.35753419602804
12.465,396.86375386513095
12.47,398.10709037247665
12.475,397.1010639204991
12.48,398.12835753796685
12.485,398.59730143373855
12.49,398.1347952156994
12.495,398.0255747007604
12.5,398.2148852785065
12.505,397.25182391210166
12.51,396.7833710051338
12.515,397.1759136618918
12.52,397.186425145272
12.525,397.7893572747795
12.53,399.90087841407313
12.535,400.4158028352244
12.54,398.86570173681326
12.545,399.72876536556333
12.55,399.74628759135544
12.555,399.4250140906469
12.56,400.01133577466294
12.565,398.0217556019701
12.57,398.5597654885054
12.575,398.93367369842923
12.58,398.3759652638887
12.585,396.48090324373845
12.59,397.32947918050684
12.595,394.5622132093136
12.6,396.44102976820983
12.605,397.8789682322741
12.61,397.53043683626214
12.615,398.63005952744675
12.62,398.0909262335821
12.625,399.22096278032274
12.63,399.4096955492597
12.635,399.4698129390318
12.64,399.1767600212099
12.645,399.6340818965572
12.65,400.2406186823784
12.655,400.5803012569922
12.66,400.3692068375683
12.665,401.5952423856167
12.67,400.5970223161096
12.675,404.58702299511407
12.68,404.04651175941797
12.685,404.3078412510561
12.69,402.84663772782255
12.695,402.8249506392025
12.7,399.86056265979687
12.705,399.3715843710939
12.71,397.1317673191112
12.715,400.1904131581497
12.72,398.908937132711
12.725,402.1084849016561
12.73,400.58235515015866
12.735,383.3172177713986
12.74,384.0197923967606
12.745,389.0463046750768
12.75,374.52662041650217
12.755,387.9844955438179
12.76,399.63632400536864
12.765,385.26807221970313
12.77,361.96895863971685
12.775,399.21345424180606
12.78,397.12070072877344
12.785,365.32884588759975
12.79,426.65783257706545
12.795,464.9010573437953
12.8,325.6138657661606
12.805,343.02803145042554
12.81,365.8291266913153
12.815,388.70258222828505
12.82,394.3224238648459
12.825,390.9169005252992
12.83,0.0
12.835,0.0
12.84,0.0
12.845,0.0
12.85,0.0
12.855,0.0
12.86,0.0
12.865,0.0
12.87,0.0
12.875,0.0
12.88,0.0
12.885,0.0
12.89,0.0
12.895,0.0
12.9,0.0
12.905,0.0
12.91,0.0
12.915,0.0
12.92,0.0
12.925,0.0
12.93,0.0
12.935,0.0
12.94,0.0
12.945,0.0
12.95,0.0
12.955,0.0
12.96,0.0
12.965,0.0
12.97,0.0
12.975,0.0
12.98,0.0
12.985,0.0
12.99,0.0
12.995,0.0
13.0,0.0
13.005,0.0
13.01,0.0
13.015,0.0
13.02,0.0
13.025,0.0
13.03,0.0
13.035,0.0
13.04,0.0
13.045,0.0
13.05,0.0
13.055,0.0
13.06,0.0
13.065,0.0
13.07,0.0
13.075,0.0
13.08,0.0
13.085,0.0
13.09,0.0
13.095,0.0
13.1,0.0
13.105,0.0
13.11,0.0
13.115,0.0
13.12,0.0
13.125,0.0
13.13,0.0
13.135,0.0
13.14,0.0
13.145,0.0
13.15,0.0
13.155,0.0
13.16,0.0
13.165,0.0
13.17,0.0
13.175,0.0
13.18,0.0
13.185,0.0
13.19,0.0
13.195,0.0
13.2,0.0
13.205,0.0
13.21,0.0
13.215,0.0
13.22,0.0
13.225,0.0
13.23,0.0
13.235,0.0
13.24,0.0
13.245,0.0
13.25,0.0
13.255,0.0
13.26,0.0
13.265,0.0
13.27,0.0
13.275,0.0
13.28,0.0
13.285,0.0
13.29,0.0
13.295,0.0
13.3,0.0
13.305,0.0
13.31,0.0
13.315,0.0
13.32,0.0
13.325,0.0
13.33,0.0
13.335,335.7934549718907
13.34,439.439590147235
13.345,437.5678827040411
13.35,605.6196818889208
13.355,529.6411831010649
13.36,585.3232533622306
13.365,653.901084188195
13.37,607.4575089511408
13.375,529.9341193732562
13.38,494.06333778217106
13.385,480.0441145488728
13.39,550.3929253060529
13.395,560.385068390663
13.4,465.7147023339339
13.405,520.0622348060664
13.41,430.58382840522364
13.415,427.96886996626665
13.42,351.2562338612136
13.425,347.2298499786496
13.43,351.364814813733
13.435,366.33076276546916
13.44,361.7800984495148
13.445,368.755813647473
13.45,370.44063291401756
13.455,370.5108902472222
13.46,369.67254204477996
13.465,372.1167721017744
13.47,371.4266449291629
13.475,370.7834210174409
13.48,369.5724036269114
13.485,370.9258967671944
13.49,370.242154910891
13.495,369.3285578449046
13.5,369.7356382430848
13.505,369.68175574392114
13.51,370.248400048252
13.515,371.9036040823854
13.52,373.24327425694696
13.525,373.5570874598906
13.53,373.0465187258324
13.535,374.8147348195311
13.54,375.3464175472305
13.545,376.5009501432803
13.55,376.21341076154977
13.555,377.31516219163797
13.56,377.7612219076602
13.565,378.15169434398973
13.57,377.4440621591812
13.575,379.79380479177155
13.58,379.30043164181365
13.585,380.3301489451548
13.59,380.1688623697053
13.595,379.94251448594906
13.6,381.51216000184087
13.605,381.5773376090059
13.61,380.32720572181864
13.615,380.1922283934739
13.62,380.8812039591242
13.625,380.1229289262889
13.63,381.4934662421463
13.635,380.8368591234316
13.64,380.73761502705247
13.645,380.33005884754846
13.65,380.07467011528274
13.655,380.5498243497499
13.66,379.9210116783404
13.665,378.42180047686224
13.67,378.09237809417226
13.675,376.978103049517
13.68,376.0227416171006
13.685,373.54196593095105
13.69,372.9072399695205
13.695,370.7696524384881
13.7,367.91322743421273
13.705,365.3092698510984
13.71,361.66094017961666
13.715,355.8249733939092
13.72,349.80875292569846
13.725,343.08139115925104
13.73,336.9437473662515
13.735,333.83585347341767
13.74,336.0786425074887
13.745,328.8892579306192
13.75,325.60443457934326
13.755,325.9244718096866
13.76,326.499217116468
13.765,326.44641089285545
13.77,323.22884069491903
13.775,321.9910352794802
13.78,321.68305104870717
13.785,319.43747684518723
13.79,319.7825150358621
13.795,320.41410278379084
13.8,320.6022853729855
13.805,320.112102349206
13.81,319.88133501390837
13.815,320.74068369098853
13.82,320.71893199481485
13.825,321.4304383776485
13.83,321.9031607806513
13.835,321.27881041197736
13.84,323.52575737452173
13.845,323.8659353718216
13.85,324.0116535427056
13.855,326.1863517888994
13.86,327.79298696505674
13.865,327.138955471496
13.87,320.1614330138574
13.875,316.22399368285676
13.88,335.5020501330031
13.885,334.4104424407524
13.89,337.56248418784213
13.895,345.69694698462655
13.9,337.9594711386244
13.905,343.11247035654515
13.91,340.7932613739202
13.915,340.06462228754464
13.92,339.0278595089281
13.925,339.2454799630724
13.93,336.7051676585781
13.935,335.9088606927118
13.94,336.97240757342684
13.945,336.0808221769595
13.95,337.30444058179353
13.955,337.43440473435044
13.96,335.68840337085976
13.965,336.0193137084167
13.97,335.1758872868824
13.975,333.5758355769532
13.98,334.1115692779725
13.985,332.95201394780895
13.99,332.40398908406866
13.995,332.81296932650105
14.0,331.40739390197155
14.005,331.44664089538253
14.01,330.3870051806803
14.015,329.36563974289425
14.02,328.80073760137697
14.025,327.4662596303502
14.03,328.12082706592355
14.035,329.06993957304127
14.04,327.7975312961432
14.045,328.2850166827908
14.05,328.48852428316735
14.055,327.6185626253365
14.06,326.9762334681848
14.065,326.8631612001158
14.07,328.4595191550677
14.075,327.7525067607731
14.08,329.3280738218285
14.085,327.1748163167377
14.09,327.8735401723941
14.095,328.0610564488886
14.1,327.5455477513069
14.105,326.8761465817023
14.11,327.31586652315315
14.115,326.7932151283983
14.12,325.29234572494914
14.125,326.99208669137715
14.13,327.57234183289313
14.135,328.3968929608802
14.14,326.71542754048215
14.145,325.32613596766345
14.15,323.2044165332414
14.155,323.41220108607683
14.16,321.8984825709892
14.165,319.9339250705504
14.17,318.71268455853675
14.175,316.51298136374197
14.18,314.26247617804535
14.185,310.25721368844296
14.19,305.6963636477446
14.195,301.34630851117015
14.2,298.5635727222744
14.205,295.5042535990346
14.21,292.47350488919426
14.215,289.8750272847051
14.22,289.41914811491785
14.225,288.8039320825485
14.23,289.64037946692855
14.235,286.8359357253495
14.24,286.3137556243658
14.245,287.6032231616133
14.25,287.1661702543454
14.255,287.8926682182256
14.26,287.9544146867228
14.265,287.1163112490078
14.27,288.87094809570846
14.275,290.0043761203218
14.28,290.3744294803994
14.285,291.68320689825094
14.29,293.1496488423059
14.295,293.4717419799137
14.3,294.3604692173489
14.305,295.18439971387284
14.31,296.1649920419611
14.315,295.39973912513165
14.32,295.77922524421973
14.325,295.26835180478116
14.33,294.78189025775083
14.335,292.9189536284182
14.34,291.9915401978423
14.345,291.44998940760803
14.35,311.13710305672794
14.355,298.2150569926452
14.36,284.8921237379208
14.365,293.98425889832953
14.37,314.14490774232235
14.375,290.2040241166498
14.38,295.55223617293683
14.385,308.5469573698349
14.39,288.7323244107527
14.395,278.66951917546794
14.4,302.4358749464105
14.405,306.5245343356303
14.41,307.47886019940154
14.415,303.54305986731674
14.42,301.2133470367116
14.425,299.63101287350474
14.43,297.3938958550047
14.435,297.2449305331305
14.44,296.83530744829375
14.445,294.9878868995005
14.45,292.9608560435115
14.455,292.461243728319
14.46,293.32120588638776
14.465,292.0625966545732
14.47,288.9966545810176
14.475,290.7703315185253
14.48,289.92965938818156
14.485,291.89329341762794
14.49,290.655025742505
14.495,289.9369397254219
14.5,289.56991381366964
14.505,295.0990466020523
14.51,294.0283551506566
14.515,288.70896706315193
14.52,293.395346598243
14.525,289.15985406101214
14.53,292.8406149875943
14.535,291.6843917523485
14.54,291.8712563558219
14.545,288.695968297371
14.55,296.56097830750383
14.555,295.1488456127315
14.56,290.9101203012424
14.565,290.779755556176
14.57,296.22465565463057
14.575,294.7602628081518
14.58,290.63773036087446
14.585,293.6502577605737
14.59,293.2029477691727
14.595,293.50630042794813
14.6,293.79770136947025
14.605,292.08748182678227
14.61,289.9397002891947
14.615,296.4968204816521
14.62,292.777316967335
14.625,290.0451992909156
14.63,294.6087346825911
14.635,289.25201554191256
14.64,291.1354121244569
14.645,296.6543942676893
14.65,293.7591049202754
14.655,292.1802274420247
14.66,299.0546163525734
14.665,293.7189730904687
14.67,296.73150649650023
14.675,301.82465802414396
14.68,298.9788449462838
14.685,305.0673087164148
14.69,303.5620424502178
14.695,303.6663049811121
14.7,304.02193682687744
14.705,305.77752573255617
14.71,297.1083183049284
14.715,291.1889678158918
14.72,321.7797505350413
14.725,330.6305665955253
14.73,329.46605882452343
14.735,326.8885906528787
14.74,329.23300396935576
14.745,329.143221936347
14.75,328.8697591781939
14.755,328.7986484785721
14.76,331.04804775790916
14.765,329.3264897714356
14.77,330.2311974806465
14.775,328.6313723891758
14.78,330.76908909062337
14.785,332.99739663842035
14.79,333.0055878525027
14.795,335.02821129953725
14.8,333.24854271356264
14.805,329.296426320767
14.81,336.0989252607607
14.815,330.9364680546235
14.82,331.9561574337885
14.825,329.1087435420021
14.83,330.986666263075
14.835,327.01769812694164
14.84,328.9931751139147
14.845,327.4813962044748
14.85,326.6435080226455
14.855,330.82227203221424
14.86,324.94375140782665
14.865,331.8470195029008
14.87,326.2290690904989
14.875,329.2896471476109
14.88,330.83365109327684
14.885,325.98358758294296
14.89,338.2385070706063
14.895,328.27041714083373
14.9,328.02459670699443
14.905,329.65964081147615
14.91,328.97847252056135
14.915,334.16694838007106
14.92,326.98698727416894
14.925,330.5124088814524
14.93,330.2470230635494
14.935,334.6357067790321
14.94,329.06994946225586
14.945,329.685386489639
14.95,335.0555883641977
14.955,330.56779143066296
14.96,326.3252808606633
14.965,333.04197447116337
14.97,327.3817890034298
14.975,326.58533317197043
14.98,326.99920350549473
14.985,330.38436941499873
14.99,324.7343288536537
14.995,329.0254450339587
15.0,325.98519281043565
15.005,326.7186978077601
15.01,326.9061841402097
15.015,328.41143579150827
15.02,327.0259377995438
15.025,328.79876474760135
15.03,330.1091360789523
15.035,325.91869088003375
15.04,333.49547698260966
15.045,325.08441236389655
15.05,329.3307734095657
15.055,326.69711972362575
15.06,329.815634108285
15.065,325.49136227695465
15.07,328.70150835150486
15.075,327.8265113395986
15.08,325.8992765263405
15.085,326.8335140498899
15.09,326.3543514351179
15.095,326.77823438509614
15.1,324.9057467643369
15.105,328.015795304116
15.11,325.6314299295002
15.115,329.7792977929806
15.12,325.6907079747194
15.125,324.0964090503624
15.13,325.27734086612026
15.135,324.47913497491436
15.14,329.4517689626996
15.145,326.53691854661383
15.15,326.6574191852557
15.155,326.6863933144012
15.16,328.4657705760909
15.165,325.81559844928034
15.17,331.18542762298176
15.175,325.6504186834424
15.18,329.22603663955044
15.185,332.3308568649752
15.19,329.4453740603452
15.195,325.54864094443684
15.2,326.7831186766603
15.205,326.76777450715457
15.21,327.50591236565094
15.215,328.50246902244703
15.22,326.83916000905157
15.225,326.21042284833436
15.23,325.48645326251915
15.235,328.64404012914514
15.24,328.1477395277184
15.245,327.46584328155956
15.25,330.55509319946367
15.255,330.69734810445254
15.26,326.20808730881197
15.265,330.48457372789784
15.27,325.71715745536903
15.275,328.23364489538676
15.28,326.8649778891817
15.285,330.66593688084623
15.29,327.31076341905543
15.295,331.76830163539086
15.3,328.9086757456763
15.305,329.45897928336416
15.31,329.96332456003415
15.315,329.8751887315259
15.32,330.4970723773257
15.325,329.22202433499365
15.33,329.72077608076427
15.335,329.09986649336
15.34,329.0261297031634
15.345,327.6279371231753
15.35,328.6825317172597
15.355,328.02706300361143
15.36,327.9195360374639
15.365,331.67787200144113
15.37,326.6061100142829
15.375,327.20531380629245
15.38,325.9813039220384
15.385,326.99377763296036
15.39,324.953624963434
15.395,326.4003810785823
15.4,324.88814773564815
15.405,330.90942429048266
15.41,323.4961548248947
15.415,330.5810201477031
15.42,324.2461811126376
15.425,326.5573322027085
15.43,327.0520903729577
15.435,326.7086744098637
15.44,326.93363225564906
15.445,327.27125958626874
15.45,327.1480875286163
15.455,327.1794846942421
15.46,327.0588885291902
15.465,327.6925596390971
15.47,328.63132222070885
15.475,327.6744698103582
15.48,327.2310469607907
15.485,328.88337393712965
15.49,328.599932920468
15.495,328.3443465432589
15.5,330.4791067129866
15.505,327.6428102582524
15.51,329.27690332372856
15.515,326.46464285735976
15.52,329.56569585034765
15.525,327.08469632902256
15.53,327.786672788082
15.535,326.64240838340663
15.54,326.9092530484516
15.545,328.2384207343667
15.55,326.60498510478686
15.555,327.9993427184143
15.56,328.7423708165794
15.565,326.3349969050636
15.57,328.01176460726305
15.575,326.09971362236047
15.58,329.11250330197674
15.585,326.8846812179146
15.59,328.5407921177389
15.595,326.15184477183607
15.6,327.6561814195837
15.605,326.7998275544148
15.61,327.71518394685245
15.615,326.24530452230357
15.62,328.17351826488886
15.625,327.350721189941
15.63,328.1539076480716
15.635,330.5392802592913
15.64,332.45141681534494
15.645,327.71636073917375
15.65,331.23305818025926
15.655,331.7226826429219
15.66,330.5106881614493
15.665,329.4042904322188
15.67,328.85576490836826
15.675,330.4416535863092
15.68,331.0405933201164
15.685,330.8269425862234
15.69,329.76776772356624
15.695,328.63920888938753
15.7,328.33297764132817
15.705,331.2779760386334
15.71,327.3555739365941
15.715,328.3463975451362
15.72,328.2717977252482
15.725,328.1460248062127
15.73,328.0759987775791
15.735,326.06987784670144
15.74,326.5530055884821
15.745,327.0079633412344
15.75,326.7582656132759
15.755,327.30118028974266
15.76,328.26596095503635
15.765,327.1983151584207
15.77,328.4638325794484
15.775,330.24928905771696
15.78,331.2323876233228
15.785,333.1653221509148
15.79,334.59916190570203
15.795,335.25240647076043
15.8,337.28653492627205
15.805,336.55474453048777
15.81,338.72460488378226
15.815,342.86161945102066
15.82,341.8013439640802
15.825,338.947687231988
15.83,340.37581801671973
15.835,335.11408555243275
15.84,331.4509463783307
15.845,334.2060425092385
15.85,334.90560275349156
15.855,343.67469492235705
15.86,327.4447521515277
15.865,346.1467414393517
15.87,335.88221745278787
15.875,371.51530145829474
15.88,334.5144745527562
15.885,343.9739717991621
15.89,345.840416296152
15.895,347.70566413089534
15.9,344.5516085717399
15.905,337.71483327153663
15.91,332.92475947095363
15.915,337.8899675767452
15.92,319.51606058296187
15.925,331.45605800511527
15.93,370.26923316262685
15.935,306.7147178554118
15.94,355.4044300506284
15.945,347.3307355698664
15.95,342.13565297543465
15.955,0.0
15.96,0.0
15.965,0.0
15.97,0.0
15.975,0.0
15.98,0.0
15.985,0.0
15.99,0.0
15.995,0.0
16.0,0.0
16.005,0.0
16.01,0.0
16.015,0.0
16.02,0.0
16.025,0.0
16.03,0.0
16.035,0.0
16.04,0.0
16.045,0.0
16.05,0.0
16.055,0.0
16.06,0.0
16.065,0.0
16.07,0.0
16.075,0.0
16.08,0.0
16.085,0.0
16.09,0.0
16.095,0.0
16.1,0.0
16.105,0.0
16.11,0.0
16.115,0.0
16.12,0.0
16.125,0.0
16.13,0.0
16.135,0.0
16.14,0.0
16.145,0.0
16.15,0.0
16.155,0.0
16.16,0.0
16.165,0.0
16.17,0.0
16.175,0.0
16.18,0.0
16.185,0.0
16.19,0.0
16.195,0.0
16.2,0.0
16.205,0.0
16.21,0.0
16.215,0.0
16.22,0.0
16.225,0.0
16.23,0.0
16.235,0.0
16.24,0.0
16.245,0.0
16.25,0.0
16.255,0.0
16.26,0.0
16.265,0.0
16.27,0.0
16.275,0.0
16.28,0.0
16.285,0.0
16.29,0.0
16.295,0.0
16.3,0.0
16.305,0.0
16.31,0.0
16.315,0.0
16.32,0.0
16.325,0.0
16.33,0.0
16.335,0.0
16.34,0.0
16.345,0.0
16.35,0.0
16.355,0.0
16.36,0.0
16.365,0.0
16.37,0.0
16.375,0.0
16.38,0.0
16.385,0.0
16.39,0.0
16.395,0.0
16.4,0.0
16.405,0.0
16.41,0.0
16.415,0.0
16.42,0.0
16.425,0.0
16.43,0.0
16.435,0.0
16.44,0.0
16.445,0.0
16.45,0.0
16.455,0.0
16.46,0.0
16.465,0.0
16.47,0.0
16.475,0.0
16.48,0.0
16.485,0.0
16.49,0.0
16.495,0.0
16.5,0.0
16.505,0.0
16.51,0.0
16.515,0.0
16.52,0.0
16.525,0.0
16.53,0.0
16.535,0.0
16.54,0.0
16.545,0.0
16.55,0.0
16.555,0.0
16.56,0.0
16.565,0.0
16.57,0.0
16.575,0.0
