time,frequency,confidence
0.0,0.0,1.0
0.005,0.0,1.0
0.01,0.0,1.0
0.015,0.0,1.0
0.02,0.0,1.0
0.025,0.0,1.0
0.03,0.0,1.0
0.035,0.0,1.0
0.04,0.0,1.0
0.045,0.0,1.0
0.05,0.0,1.0
0.055,0.0,1.0
0.06,0.0,1.0
0.065,0.0,1.0
0.07,0.0,1.0
0.075,0.0,1.0
0.08,0.0,1.0
0.085,0.0,1.0
0.09,0.0,1.0
0.095,0.0,1.0
0.1,0.0,1.0
0.105,0.0,1.0
0.11,0.0,1.0
0.115,0.0,1.0
0.12,0.0,1.0
0.125,0.0,1.0
0.13,0.0,1.0
0.135,0.0,1.0
0.14,0.0,1.0
0.145,0.0,1.0
0.15,0.0,1.0
0.155,0.0,1.0
0.16,0.0,1.0
0.165,0.0,1.0
0.17,0.0,1.0
0.175,0.0,1.0
0.18,0.0,1.0
0.185,0.0,1.0
0.19,0.0,1.0
0.195,0.0,1.0
0.2,0.0,1.0
0.205,0.0,1.0
0.21,0.0,1.0
0.215,0.0,1.0
0.22,0.0,1.0
0.225,0.0,1.0
0.23,0.0,1.0
0.235,0.0,1.0
0.24,0.0,1.0
0.245,0.0,1.0
0.25,0.0,1.0
0.255,0.0,1.0
0.26,0.0,1.0
0.265,0.0,1.0
0.27,0.0,1.0
0.275,0.0,1.0
0.28,0.0,1.0
0.285,0.0,1.0
0.29,0.0,1.0
0.295,0.0,1.0
0.3,0.0,1.0
0.305,0.0,1.0
0.31,0.0,1.0
0.315,0.0,1.0
0.32,0.0,1.0
0.325,0.0,1.0
0.33,0.0,1.0
0.335,0.0,1.0
0.34,0.0,1.0
0.345,0.0,1.0
0.35,0.0,1.0
0.355,0.0,1.0
0.36,0.0,1.0
0.365,0.0,1.0
0.37,0.0,1.0
0.375,0.0,1.0
0.38,0.0,1.0
0.385,0.0,1.0
0.39,0.0,1.0
0.395,0.0,1.0
0.4,0.0,1.0
0.405,0.0,1.0
0.41,0.0,1.0
0.415,0.0,1.0
0.42,0.0,1.0
0.425,0.0,1.0
0.43,0.0,1.0
0.435,0.0,1.0
0.44,0.0,1.0
0.445,0.0,1.0
0.45,0.0,1.0
0.455,0.0,1.0
0.46,0.0,1.0
0.465,0.0,1.0
0.47,0.0,1.0
0.475,0.0,1.0
0.48,0.0,1.0
0.485,0.0,1.0
0.49,0.0,1.0
0.495,0.0,1.0
0.5,0.0,1.0
0.505,0.0,1.0
0.51,0.0,1.0
0.515,0.0,1.0
0.52,0.0,1.0
0.525,0.0,1.0
0.53,0.0,1.0
0.535,0.0,1.0
0.54,0.0,1.0
0.545,0.0,1.0
0.55,0.0,1.0
0.555,0.0,1.0
0.56,0.0,1.0
0.565,0.0,1.0
0.57,0.0,1.0
0.575,0.0,1.0
0.58,0.0,1.0
0.585,0.0,1.0
0.59,0.0,1.0
0.595,0.0,1.0
0.6,0.0,1.0
0.605,0.0,1.0
0.61,0.0,1.0
0.615,0.0,1.0
0.62,0.0,1.0
0.625,0.0,1.0
0.63,0.0,1.0
0.635,0.0,1.0
0.64,0.0,1.0
0.645,0.0,1.0
0.65,0.0,1.0
0.655,0.0,1.0
0.66,0.0,1.0
0.665,0.0,1.0
0.67,0.0,1.0
0.675,0.0,1.0
0.68,0.0,1.0
0.685,0.0,1.0
0.69,0.0,1.0
0.695,0.0,1.0
0.7,0.0,1.0
0.705,0.0,1.0
0.71,0.0,1.0
0.715,0.0,1.0
0.72,0.0,1.0
0.725,0.0,1.0
0.73,0.0,1.0
0.735,0.0,1.0
0.74,0.0,1.0
0.745,0.0,1.0
0.75,0.0,1.0
0.755,0.0,1.0
0.76,0.0,1.0
0.765,0.0,1.0
0.77,0.0,1.0
0.775,0.0,1.0
0.78,0.0,1.0
0.785,0.0,1.0
0.79,0.0,1.0
0.795,0.0,1.0
0.8,0.0,1.0
0.805,0.0,1.0
0.81,0.0,1.0
0.815,0.0,1.0
0.82,0.0,1.0
0.825,0.0,1.0
0.83,0.0,1.0
0.835,0.0,1.0
0.84,0.0,1.0
0.845,0.0,1.0
0.85,224.98,1.0
0.855,264.19,1.0
0.86,274.84,1.0
0.865,262.09,1.0
0.87,258.4,1.0
0.875,282.59,1.0
0.88,270.0,1.0
0.885,238.42,1.0
0.89,235.57,1.0
0.895,252.04,1.0
0.9,247.54,1.0
0.905,243.53,1.0
0.91,246.81,1.0
0.915,241.39,1.0
0.92,243.47,1.0
0.925,241.52,1.0
0.93,242.5,1.0
0.935,240.72,1.0
0.94,239.14,1.0
0.945,238.02,1.0
0.95,236.29,1.0
0.955,237.44,1.0
0.96,236.08,1.0
0.965,236.1,1.0
0.97,235.72,1.0
0.975,236.34,1.0
0.98,234.59,1.0
0.985,234.54,1.0
0.99,233.27,1.0
0.995,232.69,1.0
1.0,232.17,1.0
1.005,232.72,1.0
1.01,236.3,1.0
1.015,238.84,1.0
1.02,241.82,1.0
1.025,241.28,1.0
1.03,238.32,1.0
1.035,236.79,1.0
1.04,241.84,1.0
1.045,241.21,1.0
1.05,241.33,1.0
1.055,237.67,1.0
1.06,242.11,1.0
1.065,235.86,1.0
1.07,255.3,1.0
1.075,264.39,1.0
1.08,257.77,1.0
1.085,254.26,1.0
1.09,254.3,1.0
1.095,255.29,1.0
1.1,255.48,1.0
1.105,254.27,1.0
1.11,252.83,1.0
1.115,251.11,1.0
1.12,249.08,1.0
1.125,249.81,1.0
1.13,248.9,1.0
1.135,248.45,1.0
1.14,247.95,1.0
1.145,248.84,1.0
1.15,249.33,1.0
1.155,250.2,1.0
1.16,250.33,1.0
1.165,250.72,1.0
1.17,250.0,1.0
1.175,250.42,1.0
1.18,251.17,1.0
1.185,250.42,1.0
1.19,250.68,1.0
1.195,250.84,1.0
1.2,251.38,1.0
1.205,250.61,1.0
1.21,251.19,1.0
1.215,250.93,1.0
1.22,251.54,1.0
1.225,251.65,1.0
1.23,251.83,1.0
1.235,250.87,1.0
1.24,251.73,1.0
1.245,252.25,1.0
1.25,251.86,1.0
1.255,252.25,1.0
1.26,252.07,1.0
1.265,252.0,1.0
1.27,251.82,1.0
1.275,250.81,1.0
1.28,250.43,1.0
1.285,249.98,1.0
1.29,249.7,1.0
1.295,249.33,1.0
1.3,249.6,1.0
1.305,248.1,1.0
1.31,248.05,1.0
1.315,248.46,1.0
1.32,247.59,1.0
1.325,249.18,1.0
1.33,249.25,1.0
1.335,248.85,1.0
1.34,251.09,1.0
1.345,248.48,1.0
1.35,248.05,1.0
1.355,246.91,1.0
1.36,246.94,1.0
1.365,247.77,1.0
1.37,252.45,1.0
1.375,255.39,1.0
1.38,257.84,1.0
1.385,256.88,1.0
1.39,256.23,1.0
1.395,256.33,1.0
1.4,256.25,1.0
1.405,255.83,1.0
1.41,254.51,1.0
1.415,254.57,1.0
1.42,254.18,1.0
1.425,254.04,1.0
1.43,254.1,1.0
1.435,254.14,1.0
1.44,254.12,1.0
1.445,255.96,1.0
1.45,254.71,1.0
1.455,254.76,1.0
1.46,254.3,1.0
1.465,255.29,1.0
1.47,254.22,1.0
1.475,255.57,1.0
1.48,255.09,1.0
1.485,250.85,1.0
1.49,250.59,1.0
1.495,248.74,1.0
1.5,249.89,1.0
1.505,249.53,1.0
1.51,249.16,1.0
1.515,250.74,1.0
1.52,250.82,1.0
1.525,251.54,1.0
1.53,251.39,1.0
1.535,252.59,1.0
1.54,252.65,1.0
1.545,253.92,1.0
1.55,259.64,1.0
1.555,257.76,1.0
1.56,259.35,1.0
1.565,259.77,1.0
1.57,258.1,1.0
1.575,258.38,1.0
1.58,258.04,1.0
1.585,258.57,1.0
1.59,257.7,1.0
1.595,258.09,1.0
1.6,258.64,1.0
1.605,258.66,1.0
1.61,258.94,1.0
1.615,259.79,1.0
1.62,260.26,1.0
1.625,259.74,1.0
1.63,260.18,1.0
1.635,260.29,1.0
1.64,260.05,1.0
1.645,260.01,1.0
1.65,259.47,1.0
1.655,258.86,1.0
1.66,258.53,1.0
1.665,257.96,1.0
1.67,257.4,1.0
1.675,256.93,1.0
1.68,256.61,1.0
1.685,255.83,1.0
1.69,255.26,1.0
1.695,255.16,1.0
1.7,254.82,1.0
1.705,254.85,1.0
1.71,253.88,1.0
1.715,254.35,1.0
1.72,253.78,1.0
1.725,254.01,1.0
1.73,254.34,1.0
1.735,254.68,1.0
1.74,255.18,1.0
1.745,255.8,1.0
1.75,255.75,1.0
1.755,256.06,1.0
1.76,256.36,1.0
1.765,256.43,1.0
1.77,256.81,1.0
1.775,257.12,1.0
1.78,257.76,1.0
1.785,256.1,1.0
1.79,250.26,1.0
1.795,255.69,1.0
1.8,256.63,1.0
1.805,256.2,1.0
1.81,258.91,1.0
1.815,260.73,1.0
1.82,262.98,1.0
1.825,270.35,1.0
1.83,279.11,1.0
1.835,282.24,1.0
1.84,282.28,1.0
1.845,281.05,1.0
1.85,280.78,1.0
1.855,281.5,1.0
1.86,280.84,1.0
1.865,281.0,1.0
1.87,282.06,1.0
1.875,281.32,1.0
1.88,280.36,1.0
1.885,280.44,1.0
1.89,280.92,1.0
1.895,279.92,1.0
1.9,278.56,1.0
1.905,278.01,1.0
1.91,275.93,1.0
1.915,275.89,1.0
1.92,276.95,1.0
1.925,278.18,1.0
1.93,279.06,1.0
1.935,278.61,1.0
1.94,279.63,1.0
1.945,282.08,1.0
1.95,284.07,1.0
1.955,284.69,1.0
1.96,285.98,1.0
1.965,286.33,1.0
1.97,288.06,1.0
1.975,289.84,1.0
1.98,292.42,1.0
1.985,294.2,1.0
1.99,293.7,1.0
1.995,310.05,1.0
2.0,293.93,1.0
2.005,295.47,1.0
2.01,295.37,1.0
2.015,300.15,1.0
2.02,311.14,1.0
2.025,311.64,1.0
2.03,320.9,1.0
2.035,315.81,1.0
2.04,318.07,1.0
2.045,322.7,1.0
2.05,314.85,1.0
2.055,317.65,1.0
2.06,321.34,1.0
2.065,316.44,1.0
2.07,319.27,1.0
2.075,318.24,1.0
2.08,320.07,1.0
2.085,316.78,1.0
2.09,313.44,1.0
2.095,314.25,1.0
2.1,312.23,1.0
2.105,310.63,1.0
2.11,309.65,1.0
2.115,309.36,1.0
2.12,310.74,1.0
2.125,309.06,1.0
2.13,309.85,1.0
2.135,310.89,1.0
2.14,309.92,1.0
2.145,309.62,1.0
2.15,311.97,1.0
2.155,313.55,1.0
2.16,312.99,1.0
2.165,315.43,1.0
2.17,317.67,1.0
2.175,317.84,1.0
2.18,315.79,1.0
2.185,318.73,1.0
2.19,319.32,1.0
2.195,320.53,1.0
2.2,324.6,1.0
2.205,326.96,1.0
2.21,325.51,1.0
2.215,324.93,1.0
2.22,323.16,1.0
2.225,323.66,1.0
2.23,323.31,1.0
2.235,325.93,1.0
2.24,326.65,1.0
2.245,325.11,1.0
2.25,328.4,1.0
2.255,325.34,1.0
2.26,317.6,1.0
2.265,330.95,1.0
2.27,335.38,1.0
2.275,336.26,1.0
2.28,342.83,1.0
2.285,341.9,1.0
2.29,347.8,1.0
2.295,359.97,1.0
2.3,383.68,1.0
2.305,382.16,1.0
2.31,385.06,1.0
2.315,401.69,1.0
2.32,415.68,1.0
2.325,432.91,1.0
2.33,461.13,1.0
2.335,511.0,1.0
2.34,489.03,1.0
2.345,494.57,1.0
2.35,500.2,1.0
2.355,507.1,1.0
2.36,503.83,1.0
2.365,514.58,1.0
2.37,513.05,1.0
2.375,522.83,1.0
2.38,523.21,1.0
2.385,527.06,1.0
2.39,526.26,1.0
2.395,523.97,1.0
2.4,522.91,1.0
2.405,522.05,1.0
2.41,526.65,1.0
2.415,521.66,1.0
2.42,519.0,1.0
2.425,519.22,1.0
2.43,514.45,1.0
2.435,514.79,1.0
2.44,511.77,1.0
2.445,508.85,1.0
2.45,510.39,1.0
2.455,510.07,1.0
2.46,512.07,1.0
2.465,515.31,1.0
2.47,514.51,1.0
2.475,512.61,1.0
2.48,515.15,1.0
2.485,509.78,1.0
2.49,514.44,1.0
2.495,515.54,1.0
2.5,515.46,1.0
2.505,519.97,1.0
2.51,516.82,1.0
2.515,516.57,1.0
2.52,516.19,1.0
2.525,514.75,1.0
2.53,518.53,1.0
2.535,520.71,1.0
2.54,517.66,1.0
2.545,516.78,1.0
2.55,518.79,1.0
2.555,518.53,1.0
2.56,516.68,1.0
2.565,518.26,1.0
2.57,516.36,1.0
2.575,515.27,1.0
2.58,515.63,1.0
2.585,515.42,1.0
2.59,515.72,1.0
2.595,515.24,1.0
2.6,515.04,1.0
2.605,513.44,1.0
2.61,512.2,1.0
2.615,511.51,1.0
2.62,512.33,1.0
2.625,510.89,1.0
2.63,510.39,1.0
2.635,511.6,1.0
2.64,510.58,1.0
2.645,509.1,1.0
2.65,510.65,1.0
2.655,509.31,1.0
2.66,510.07,1.0
2.665,509.64,1.0
2.67,511.26,1.0
2.675,510.92,1.0
2.68,510.47,1.0
2.685,510.1,1.0
2.69,508.25,1.0
2.695,511.36,1.0
2.7,508.52,1.0
2.705,507.96,1.0
2.71,507.75,1.0
2.715,510.16,1.0
2.72,509.15,1.0
2.725,509.56,1.0
2.73,509.4,1.0
2.735,511.03,1.0
2.74,513.03,1.0
2.745,513.86,1.0
2.75,514.31,1.0
2.755,514.15,1.0
2.76,513.74,1.0
2.765,513.64,1.0
2.77,513.64,1.0
2.775,510.89,1.0
2.78,511.7,1.0
2.785,511.83,1.0
2.79,511.54,1.0
2.795,510.73,1.0
2.8,514.8,1.0
2.805,515.7,1.0
2.81,517.05,1.0
2.815,516.32,1.0
2.82,514.51,1.0
2.825,514.33,1.0
2.83,513.3,1.0
2.835,513.13,1.0
2.84,513.14,1.0
2.845,512.95,1.0
2.85,512.68,1.0
2.855,513.16,1.0
2.86,513.27,1.0
2.865,515.07,1.0
2.87,515.3,1.0
2.875,516.1,1.0
2.88,517.69,1.0
2.885,520.42,1.0
2.89,518.51,1.0
2.895,517.17,1.0
2.9,515.8,1.0
2.905,515.38,1.0
2.91,514.02,1.0
2.915,512.79,1.0
2.92,513.01,1.0
2.925,509.05,1.0
2.93,511.83,1.0
2.935,513.17,1.0
2.94,512.51,1.0
2.945,515.1,1.0
2.95,512.64,1.0
2.955,512.53,1.0
2.96,516.29,1.0
2.965,512.77,1.0
2.97,514.04,1.0
2.975,515.54,1.0
2.98,515.31,1.0
2.985,514.6,1.0
2.99,513.8,1.0
2.995,512.5,1.0
3.0,513.32,1.0
3.005,512.72,1.0
3.01,511.25,1.0
3.015,511.72,1.0
3.02,509.98,1.0
3.025,509.52,1.0
3.03,508.46,1.0
3.035,508.13,1.0
3.04,509.36,1.0
3.045,509.23,1.0
3.05,509.21,1.0
3.055,511.19,1.0
3.06,509.98,1.0
3.065,510.78,1.0
3.07,510.76,1.0
3.075,514.56,1.0
3.08,512.4,1.0
3.085,513.43,1.0
3.09,512.77,1.0
3.095,513.52,1.0
3.1,514.5,1.0
3.105,513.41,1.0
3.11,513.47,1.0
3.115,515.75,1.0
3.12,513.78,1.0
3.125,513.22,1.0
3.13,514.43,1.0
3.135,513.64,1.0
3.14,512.77,1.0
3.145,513.55,1.0
3.15,513.1,1.0
3.155,514.79,1.0
3.16,511.26,1.0
3.165,511.4,1.0
3.17,512.39,1.0
3.175,512.5,1.0
3.18,512.35,1.0
3.185,511.79,1.0
3.19,512.42,1.0
3.195,511.68,1.0
3.2,512.2,1.0
3.205,512.74,1.0
3.21,512.89,1.0
3.215,512.58,1.0
3.22,513.17,1.0
3.225,514.82,1.0
3.23,514.68,1.0
3.235,516.44,1.0
3.24,516.43,1.0
3.245,516.41,1.0
3.25,516.18,1.0
3.255,516.56,1.0
3.26,516.25,1.0
3.265,514.53,1.0
3.27,514.61,1.0
3.275,514.02,1.0
3.28,512.8,1.0
3.285,513.02,1.0
3.29,512.0,1.0
3.295,512.44,1.0
3.3,511.89,1.0
3.305,510.82,1.0
3.31,510.38,1.0
3.315,511.66,1.0
3.32,509.89,1.0
3.325,511.09,1.0
3.33,509.91,1.0
3.335,509.04,1.0
3.34,511.9,1.0
3.345,512.62,1.0
3.35,514.53,1.0
3.355,509.81,1.0
3.36,509.57,1.0
3.365,509.01,1.0
3.37,510.06,1.0
3.375,509.05,1.0
3.38,508.12,1.0
3.385,506.29,1.0
3.39,507.7,1.0
3.395,508.34,1.0
3.4,507.84,1.0
3.405,509.38,1.0
3.41,509.96,1.0
3.415,510.2,1.0
3.42,509.78,1.0
3.425,508.98,1.0
3.43,509.36,1.0
3.435,509.12,1.0
3.44,509.46,1.0
3.445,505.07,1.0
3.45,509.39,1.0
3.455,508.63,1.0
3.46,509.33,1.0
3.465,507.97,1.0
3.47,508.55,1.0
3.475,510.91,1.0
3.48,512.35,1.0
3.485,512.17,1.0
3.49,513.6,1.0
3.495,511.98,1.0
3.5,513.7,1.0
3.505,513.19,1.0
3.51,511.89,1.0
3.515,509.93,1.0
3.52,513.63,1.0
3.525,513.15,1.0
3.53,512.51,1.0
3.535,511.83,1.0
3.54,512.82,1.0
3.545,512.67,1.0
3.55,512.71,1.0
3.555,512.48,1.0
3.56,511.84,1.0
3.565,513.78,1.0
3.57,513.22,1.0
3.575,513.19,1.0
3.58,515.25,1.0
3.585,512.95,1.0
3.59,513.34,1.0
3.595,513.43,1.0
3.6,514.24,1.0
3.605,513.84,1.0
3.61,513.78,1.0
3.615,514.45,1.0
3.62,513.71,1.0
3.625,514.03,1.0
3.63,512.85,1.0
3.635,513.34,1.0
3.64,513.53,1.0
3.645,512.07,1.0
3.65,512.86,1.0
3.655,510.88,1.0
3.66,514.37,1.0
3.665,512.9,1.0
3.67,513.56,1.0
3.675,512.88,1.0
3.68,513.98,1.0
3.685,514.75,1.0
3.69,514.77,1.0
3.695,515.25,1.0
3.7,515.49,1.0
3.705,515.57,1.0
3.71,515.4,1.0
3.715,512.52,1.0
3.72,513.6,1.0
3.725,513.57,1.0
3.73,511.52,1.0
3.735,514.59,1.0
3.74,511.09,1.0
3.745,511.93,1.0
3.75,510.99,1.0
3.755,513.57,1.0
3.76,510.96,1.0
3.765,511.4,1.0
3.77,510.85,1.0
3.775,511.95,1.0
3.78,512.23,1.0
3.785,511.98,1.0
3.79,510.33,1.0
3.795,511.53,1.0
3.8,511.95,1.0
3.805,512.36,1.0
3.81,513.4,1.0
3.815,513.13,1.0
3.82,516.54,1.0
3.825,516.45,1.0
3.83,517.94,1.0
3.835,516.7,1.0
3.84,520.87,1.0
3.845,519.46,1.0
3.85,518.64,1.0
3.855,517.74,1.0
3.86,518.09,1.0
3.865,515.77,1.0
3.87,512.12,1.0
3.875,512.21,1.0
3.88,517.0,1.0
3.885,517.38,1.0
3.89,519.57,1.0
3.895,523.32,1.0
3.9,531.34,1.0
3.905,579.3,1.0
3.91,492.88,1.0
3.915,519.94,1.0
3.92,526.07,1.0
3.925,541.26,1.0
3.93,563.56,1.0
3.935,521.49,1.0
3.94,595.42,1.0
3.945,496.71,1.0
3.95,507.43,1.0
3.955,498.43,1.0
3.96,492.84,1.0
3.965,0.0,1.0
3.97,0.0,1.0
3.975,0.0,1.0
3.98,0.0,1.0
3.985,0.0,1.0
3.99,0.0,1.0
3.995,0.0,1.0
4.0,0.0,1.0
4.005,0.0,1.0
4.01,0.0,1.0
4.015,0.0,1.0
4.02,0.0,1.0
4.025,0.0,1.0
4.03,0.0,1.0
4.035,0.0,1.0
4.04,0.0,1.0
4.045,0.0,1.0
4.05,0.0,1.0
4.055,0.0,1.0
4.06,0.0,1.0
4.065,0.0,1.0
4.07,0.0,1.0
4.075,0.0,1.0
4.08,0.0,1.0
4.085,0.0,1.0
4.09,0.0,1.0
4.095,0.0,1.0
4.1,0.0,1.0
4.105,0.0,1.0
4.11,0.0,1.0
4.115,0.0,1.0
4.12,0.0,1.0
4.125,0.0,1.0
4.13,0.0,1.0
4.135,0.0,1.0
4.14,0.0,1.0
4.145,0.0,1.0
4.15,0.0,1.0
4.155,0.0,1.0
4.16,0.0,1.0
4.165,0.0,1.0
4.17,0.0,1.0
4.175,0.0,1.0
4.18,0.0,1.0
4.185,0.0,1.0
4.19,0.0,1.0
4.195,0.0,1.0
4.2,0.0,1.0
4.205,0.0,1.0
4.21,0.0,1.0
4.215,0.0,1.0
4.22,250.24,1.0
4.225,258.52,1.0
4.23,270.75,1.0
4.235,282.73,1.0
4.24,283.85,1.0
4.245,303.21,1.0
4.25,262.53,1.0
4.255,257.35,1.0
4.26,253.21,1.0
4.265,259.37,1.0
4.27,238.54,1.0
4.275,202.94,1.0
4.28,246.99,1.0
4.285,253.0,1.0
4.29,271.19,1.0
4.295,232.76,1.0
4.3,263.32,1.0
4.305,243.69,1.0
4.31,244.46,1.0
4.315,244.86,1.0
4.32,252.92,1.0
4.325,244.03,1.0
4.33,239.43,1.0
4.335,240.3,1.0
4.34,238.48,1.0
4.345,239.5,1.0
4.35,237.64,1.0
4.355,238.37,1.0
4.36,238.8,1.0
4.365,239.14,1.0
4.37,239.39,1.0
4.375,240.49,1.0
4.38,241.94,1.0
4.385,244.13,1.0
4.39,244.25,1.0
4.395,245.51,1.0
4.4,246.59,1.0
4.405,247.45,1.0
4.41,247.69,1.0
4.415,249.58,1.0
4.42,248.98,1.0
4.425,249.46,1.0
4.43,249.57,1.0
4.435,249.57,1.0
4.44,248.86,1.0
4.445,248.27,1.0
4.45,246.89,1.0
4.455,245.91,1.0
4.46,243.49,1.0
4.465,240.89,1.0
4.47,234.78,1.0
4.475,234.21,1.0
4.48,236.45,1.0
4.485,237.71,1.0
4.49,236.98,1.0
4.495,237.45,1.0
4.5,236.83,1.0
4.505,236.78,1.0
4.51,235.73,1.0
4.515,235.73,1.0
4.52,235.15,1.0
4.525,235.52,1.0
4.53,235.78,1.0
4.535,236.26,1.0
4.54,236.49,1.0
4.545,236.53,1.0
4.55,236.51,1.0
4.555,236.33,1.0
4.56,236.77,1.0
4.565,236.45,1.0
4.57,236.59,1.0
4.575,236.51,1.0
4.58,236.14,1.0
4.585,236.74,1.0
4.59,236.95,1.0
4.595,236.51,1.0
4.6,236.65,1.0
4.605,236.51,1.0
4.61,236.83,1.0
4.615,237.09,1.0
4.62,237.54,1.0
4.625,238.18,1.0
4.63,238.21,1.0
4.635,238.97,1.0
4.64,238.98,1.0
4.645,239.86,1.0
4.65,239.5,1.0
4.655,239.53,1.0
4.66,239.99,1.0
4.665,241.09,1.0
4.67,240.78,1.0
4.675,241.09,1.0
4.68,240.95,1.0
4.685,241.13,1.0
4.69,240.92,1.0
4.695,240.47,1.0
4.7,239.85,1.0
4.705,240.02,1.0
4.71,239.5,1.0
4.715,239.47,1.0
4.72,238.2,1.0
4.725,237.98,1.0
4.73,237.76,1.0
4.735,237.61,1.0
4.74,237.37,1.0
4.745,237.42,1.0
4.75,243.41,1.0
4.755,246.55,1.0
4.76,247.74,1.0
4.765,248.58,1.0
4.77,246.56,1.0
4.775,246.11,1.0
4.78,245.08,1.0
4.785,245.44,1.0
4.79,244.62,1.0
4.795,244.2,1.0
4.8,243.83,1.0
4.805,243.52,1.0
4.81,242.19,1.0
4.815,241.52,1.0
4.82,241.81,1.0
4.825,241.67,1.0
4.83,241.97,1.0
4.835,240.23,1.0
4.84,242.55,1.0
4.845,243.66,1.0
4.85,242.86,1.0
4.855,242.78,1.0
4.86,242.26,1.0
4.865,242.67,1.0
4.87,242.19,1.0
4.875,242.89,1.0
4.88,242.74,1.0
4.885,242.74,1.0
4.89,243.33,1.0
4.895,242.71,1.0
4.9,243.0,1.0
4.905,242.29,1.0
4.91,241.36,1.0
4.915,240.75,1.0
4.92,238.69,1.0
4.925,234.35,1.0
4.93,232.96,1.0
4.935,232.87,1.0
4.94,232.43,1.0
4.945,235.69,1.0
4.95,242.5,1.0
4.955,245.91,1.0
4.96,245.94,1.0
4.965,246.17,1.0
4.97,245.78,1.0
4.975,245.39,1.0
4.98,245.04,1.0
4.985,245.96,1.0
4.99,246.58,1.0
4.995,247.33,1.0
5.0,247.26,1.0
5.005,247.13,1.0
5.01,246.82,1.0
5.015,246.86,1.0
5.02,246.45,1.0
5.025,246.35,1.0
5.03,246.21,1.0
5.035,246.13,1.0
5.04,246.29,1.0
5.045,246.05,1.0
5.05,245.85,1.0
5.055,246.01,1.0
5.06,246.23,1.0
5.065,245.75,1.0
5.07,245.74,1.0
5.075,245.71,1.0
5.08,245.86,1.0
5.085,246.05,1.0
5.09,246.03,1.0
5.095,246.49,1.0
5.1,246.54,1.0
5.105,246.58,1.0
5.11,246.7,1.0
5.115,246.93,1.0
5.12,246.28,1.0
5.125,246.31,1.0
5.13,245.86,1.0
5.135,245.69,1.0
5.14,245.47,1.0
5.145,245.61,1.0
5.15,245.58,1.0
5.155,245.2,1.0
5.16,245.38,1.0
5.165,246.39,1.0
5.17,246.69,1.0
5.175,247.15,1.0
5.18,248.18,1.0
5.185,248.35,1.0
5.19,248.67,1.0
5.195,248.85,1.0
5.2,246.36,1.0
5.205,240.8,1.0
5.21,240.22,1.0
5.215,240.42,1.0
5.22,241.78,1.0
5.225,241.76,1.0
5.23,241.58,1.0
5.235,241.08,1.0
5.24,242.3,1.0
5.245,244.83,1.0
5.25,247.45,1.0
5.255,249.34,1.0
5.26,251.78,1.0
5.265,250.85,1.0
5.27,251.1,1.0
5.275,250.39,1.0
5.28,248.57,1.0
5.285,248.27,1.0
5.29,247.11,1.0
5.295,246.47,1.0
5.3,244.07,1.0
5.305,239.6,1.0
5.31,237.86,1.0
5.315,237.82,1.0
5.32,239.44,1.0
5.325,240.53,1.0
5.33,239.82,1.0
5.335,240.85,1.0
5.34,241.34,1.0
5.345,241.58,1.0
5.35,242.01,1.0
5.355,242.69,1.0
5.36,243.35,1.0
5.365,243.48,1.0
5.37,243.58,1.0
5.375,243.87,1.0
5.38,244.2,1.0
5.385,244.25,1.0
5.39,243.88,1.0
5.395,243.23,1.0
5.4,242.56,1.0
5.405,241.73,1.0
5.41,240.94,1.0
5.415,239.79,1.0
5.42,238.4,1.0
5.425,237.18,1.0
5.43,236.63,1.0
5.435,235.01,1.0
5.44,234.2,1.0
5.445,237.91,1.0
5.45,250.65,1.0
5.455,253.04,1.0
5.46,253.26,1.0
5.465,251.01,1.0
5.47,249.35,1.0
5.475,250.44,1.0
5.48,247.73,1.0
5.485,246.34,1.0
5.49,245.69,1.0
5.495,245.61,1.0
5.5,245.78,1.0
5.505,244.52,1.0
5.51,244.38,1.0
5.515,243.2,1.0
5.52,243.84,1.0
5.525,243.91,1.0
5.53,243.23,1.0
5.535,244.88,1.0
5.54,241.43,1.0
5.545,243.8,1.0
5.55,244.47,1.0
5.555,246.11,1.0
5.56,241.87,1.0
5.565,238.06,1.0
5.57,229.61,1.0
5.575,237.23,1.0
5.58,241.31,1.0
5.585,238.56,1.0
5.59,241.02,1.0
5.595,243.39,1.0
5.6,244.88,1.0
5.605,242.84,1.0
5.61,245.76,1.0
5.615,247.76,1.0
5.62,244.36,1.0
5.625,239.66,1.0
5.63,238.47,1.0
5.635,237.44,1.0
5.64,243.51,1.0
5.645,242.09,1.0
5.65,239.42,1.0
5.655,242.68,1.0
5.66,243.23,1.0
5.665,242.71,1.0
5.67,239.83,1.0
5.675,242.8,1.0
5.68,238.76,1.0
5.685,241.58,1.0
5.69,241.21,1.0
5.695,239.79,1.0
5.7,244.0,1.0
5.705,246.63,1.0
5.71,237.93,1.0
5.715,245.61,1.0
5.72,237.22,1.0
5.725,233.03,1.0
5.73,270.94,1.0
5.735,291.45,1.0
5.74,276.43,1.0
5.745,271.47,1.0
5.75,287.37,1.0
5.755,298.72,1.0
5.76,276.28,1.0
5.765,273.04,1.0
5.77,273.69,1.0
5.775,273.24,1.0
5.78,271.44,1.0
5.785,269.38,1.0
5.79,269.79,1.0
5.795,266.21,1.0
5.8,237.07,1.0
5.805,257.73,1.0
5.81,262.07,1.0
5.815,262.46,1.0
5.82,263.01,1.0
5.825,264.1,1.0
5.83,266.24,1.0
5.835,268.36,1.0
5.84,269.38,1.0
5.845,268.82,1.0
5.85,272.0,1.0
5.855,273.01,1.0
5.86,273.66,1.0
5.865,274.95,1.0
5.87,274.96,1.0
5.875,274.17,1.0
5.88,275.38,1.0
5.885,275.29,1.0
5.89,276.75,1.0
5.895,277.48,1.0
5.9,278.67,1.0
5.905,279.49,1.0
5.91,280.43,1.0
5.915,279.98,1.0
5.92,284.94,1.0
5.925,289.66,1.0
5.93,289.81,1.0
5.935,289.32,1.0
5.94,288.47,1.0
5.945,288.96,1.0
5.95,289.09,1.0
5.955,289.63,1.0
5.96,289.87,1.0
5.965,290.48,1.0
5.97,291.2,1.0
5.975,290.8,1.0
5.98,289.74,1.0
5.985,290.61,1.0
5.99,289.66,1.0
5.995,287.49,1.0
6.0,287.5,1.0
6.005,287.22,1.0
6.01,286.74,1.0
6.015,286.71,1.0
6.02,285.13,1.0
6.025,285.53,1.0
6.03,284.64,1.0
6.035,285.23,1.0
6.04,285.13,1.0
6.045,285.7,1.0
6.05,286.99,1.0
6.055,284.17,1.0
6.06,281.66,1.0
6.065,282.56,1.0
6.07,279.79,1.0
6.075,280.23,1.0
6.08,279.02,1.0
6.085,229.09,1.0
6.09,230.1,1.0
6.095,239.11,1.0
6.1,265.6,1.0
6.105,275.61,1.0
6.11,280.57,1.0
6.115,287.4,1.0
6.12,285.78,1.0
6.125,282.92,1.0
6.13,280.51,1.0
6.135,288.37,1.0
6.14,287.41,1.0
6.145,287.23,1.0
6.15,277.37,1.0
6.155,280.01,1.0
6.16,289.61,1.0
6.165,285.8,1.0
6.17,275.79,1.0
6.175,271.26,1.0
6.18,267.17,1.0
6.185,281.32,1.0
6.19,276.96,1.0
6.195,259.16,1.0
6.2,259.4,1.0
6.205,259.07,1.0
6.21,244.27,1.0
6.215,271.41,1.0
6.22,273.21,1.0
6.225,219.09,1.0
6.23,197.21,1.0
6.235,135.41,1.0
6.24,154.2,1.0
6.245,190.73,1.0
6.25,333.98,1.0
6.255,498.85,1.0
6.26,502.84,1.0
6.265,478.8,1.0
6.27,479.97,1.0
6.275,478.11,1.0
6.28,469.54,1.0
6.285,474.73,1.0
6.29,477.73,1.0
6.295,481.32,1.0
6.3,483.39,1.0
6.305,483.78,1.0
6.31,485.6,1.0
6.315,487.1,1.0
6.32,488.28,1.0
6.325,487.13,1.0
6.33,485.52,1.0
6.335,484.13,1.0
6.34,485.88,1.0
6.345,484.86,1.0
6.35,485.24,1.0
6.355,484.47,1.0
6.36,482.47,1.0
6.365,482.95,1.0
6.37,482.7,1.0
6.375,483.15,1.0
6.38,483.99,1.0
6.385,484.79,1.0
6.39,480.93,1.0
6.395,480.92,1.0
6.4,480.62,1.0
6.405,479.7,1.0
6.41,480.32,1.0
6.415,479.29,1.0
6.42,479.77,1.0
6.425,481.49,1.0
6.43,482.21,1.0
6.435,478.05,1.0
6.44,481.66,1.0
6.445,481.99,1.0
6.45,482.8,1.0
6.455,482.32,1.0
6.46,481.36,1.0
6.465,480.96,1.0
6.47,481.36,1.0
6.475,481.82,1.0
6.48,480.38,1.0
6.485,481.49,1.0
6.49,479.97,1.0
6.495,480.97,1.0
6.5,478.9,1.0
6.505,480.65,1.0
6.51,479.79,1.0
6.515,480.39,1.0
6.52,480.24,1.0
6.525,480.22,1.0
6.53,480.53,1.0
6.535,479.44,1.0
6.54,480.67,1.0
6.545,479.88,1.0
6.55,480.76,1.0
6.555,480.72,1.0
6.56,482.19,1.0
6.565,482.79,1.0
6.57,481.06,1.0
6.575,483.56,1.0
6.58,482.42,1.0
6.585,483.71,1.0
6.59,483.78,1.0
6.595,484.61,1.0
6.6,484.3,1.0
6.605,481.11,1.0
6.61,480.08,1.0
6.615,480.86,1.0
6.62,477.43,1.0
6.625,478.35,1.0
6.63,477.81,1.0
6.635,479.84,1.0
6.64,480.36,1.0
6.645,477.69,1.0
6.65,480.47,1.0
6.655,481.03,1.0
6.66,480.99,1.0
6.665,481.26,1.0
6.67,480.07,1.0
6.675,480.84,1.0
6.68,481.47,1.0
6.685,480.56,1.0
6.69,480.22,1.0
6.695,480.75,1.0
6.7,480.7,1.0
6.705,481.94,1.0
6.71,481.65,1.0
6.715,482.27,1.0
6.72,480.52,1.0
6.725,477.8,1.0
6.73,478.03,1.0
6.735,479.57,1.0
6.74,479.4,1.0
6.745,479.01,1.0
6.75,482.48,1.0
6.755,480.91,1.0
6.76,479.99,1.0
6.765,478.61,1.0
6.77,481.46,1.0
6.775,482.69,1.0
6.78,481.89,1.0
6.785,482.0,1.0
6.79,483.31,1.0
6.795,483.09,1.0
6.8,484.93,1.0
6.805,485.06,1.0
6.81,483.38,1.0
6.815,481.79,1.0
6.82,482.27,1.0
6.825,483.87,1.0
6.83,484.44,1.0
6.835,483.83,1.0
6.84,483.5,1.0
6.845,484.11,1.0
6.85,484.24,1.0
6.855,485.21,1.0
6.86,484.87,1.0
6.865,483.57,1.0
6.87,483.2,1.0
6.875,483.55,1.0
6.88,483.09,1.0
6.885,484.94,1.0
6.89,483.11,1.0
6.895,482.56,1.0
6.9,481.78,1.0
6.905,483.16,1.0
6.91,482.16,1.0
6.915,481.73,1.0
6.92,484.03,1.0
6.925,482.72,1.0
6.93,482.67,1.0
6.935,481.91,1.0
6.94,482.12,1.0
6.945,480.6,1.0
6.95,483.27,1.0
6.955,480.7,1.0
6.96,480.85,1.0
6.965,480.64,1.0
6.97,481.38,1.0
6.975,480.01,1.0
6.98,481.84,1.0
6.985,481.59,1.0
6.99,479.75,1.0
6.995,482.63,1.0
7.0,482.38,1.0
7.005,480.97,1.0
7.01,482.04,1.0
7.015,481.34,1.0
7.02,485.58,1.0
7.025,483.82,1.0
7.03,485.33,1.0
7.035,483.04,1.0
7.04,483.1,1.0
7.045,482.13,1.0
7.05,482.54,1.0
7.055,478.34,1.0
7.06,482.12,1.0
7.065,481.44,1.0
7.07,480.91,1.0
7.075,482.03,1.0
7.08,483.1,1.0
7.085,482.86,1.0
7.09,484.31,1.0
7.095,485.22,1.0
7.1,484.67,1.0
7.105,482.79,1.0
7.11,482.38,1.0
7.115,481.86,1.0
7.12,481.18,1.0
7.125,480.62,1.0
7.13,481.29,1.0
7.135,480.87,1.0
7.14,482.17,1.0
7.145,481.47,1.0
7.15,483.16,1.0
7.155,482.11,1.0
7.16,482.16,1.0
7.165,482.48,1.0
7.17,482.38,1.0
7.175,481.66,1.0
7.18,480.89,1.0
7.185,482.09,1.0
7.19,480.0,1.0
7.195,480.24,1.0
7.2,481.65,1.0
7.205,481.58,1.0
7.21,480.88,1.0
7.215,482.82,1.0
7.22,484.1,1.0
7.225,483.34,1.0
7.23,483.92,1.0
7.235,484.48,1.0
7.24,484.52,1.0
7.245,484.73,1.0
7.25,481.88,1.0
7.255,482.41,1.0
7.26,479.72,1.0
7.265,483.14,1.0
7.27,481.33,1.0
7.275,481.92,1.0
7.28,480.37,1.0
7.285,479.6,1.0
7.29,482.47,1.0
7.295,481.36,1.0
7.3,482.26,1.0
7.305,482.52,1.0
7.31,480.64,1.0
7.315,480.25,1.0
7.32,481.07,1.0
7.325,478.91,1.0
7.33,480.18,1.0
7.335,479.21,1.0
7.34,480.69,1.0
7.345,479.47,1.0
7.35,479.91,1.0
7.355,481.77,1.0
7.36,479.97,1.0
7.365,480.5,1.0
7.37,481.68,1.0
7.375,479.81,1.0
7.38,482.65,1.0
7.385,481.84,1.0
7.39,481.69,1.0
7.395,480.38,1.0
7.4,482.22,1.0
7.405,482.75,1.0
7.41,483.27,1.0
7.415,484.29,1.0
7.42,483.96,1.0
7.425,486.53,1.0
7.43,486.3,1.0
7.435,484.61,1.0
7.44,487.83,1.0
7.445,487.78,1.0
7.45,488.42,1.0
7.455,487.79,1.0
7.46,487.27,1.0
7.465,487.79,1.0
7.47,486.56,1.0
7.475,487.34,1.0
7.48,485.16,1.0
7.485,486.82,1.0
7.49,485.04,1.0
7.495,485.57,1.0
7.5,486.42,1.0
7.505,485.86,1.0
7.51,486.7,1.0
7.515,487.92,1.0
7.52,486.55,1.0
7.525,485.8,1.0
7.53,484.47,1.0
7.535,484.84,1.0
7.54,484.64,1.0
7.545,482.62,1.0
7.55,482.82,1.0
7.555,484.58,1.0
7.56,482.76,1.0
7.565,483.05,1.0
7.57,482.94,1.0
7.575,481.36,1.0
7.58,480.71,1.0
7.585,481.7,1.0
7.59,480.98,1.0
7.595,482.19,1.0
7.6,480.86,1.0
7.605,482.71,1.0
7.61,481.74,1.0
7.615,482.62,1.0
7.62,481.21,1.0
7.625,480.92,1.0
7.63,482.96,1.0
7.635,482.7,1.0
7.64,483.42,1.0
7.645,484.94,1.0
7.65,484.42,1.0
7.655,482.05,1.0
7.66,482.95,1.0
7.665,483.51,1.0
7.67,483.05,1.0
7.675,482.32,1.0
7.68,481.59,1.0
7.685,479.39,1.0
7.69,480.57,1.0
7.695,483.68,1.0
7.7,484.09,1.0
7.705,484.15,1.0
7.71,483.37,1.0
7.715,484.91,1.0
7.72,484.99,1.0
7.725,485.06,1.0
7.73,487.31,1.0
7.735,489.12,1.0
7.74,488.36,1.0
7.745,489.27,1.0
7.75,490.47,1.0
7.755,492.0,1.0
7.76,494.54,1.0
7.765,495.61,1.0
7.77,503.97,1.0
7.775,507.65,1.0
7.78,513.54,1.0
7.785,517.38,1.0
7.79,436.8,1.0
7.795,532.66,1.0
7.8,571.99,1.0
7.805,539.31,1.0
7.81,508.52,1.0
7.815,462.87,1.0
7.82,505.33,1.0
7.825,489.4,1.0
7.83,504.3,1.0
7.835,491.25,1.0
7.84,505.29,1.0
7.845,428.3,1.0
7.85,489.95,1.0
7.855,515.6,1.0
7.86,688.13,1.0
7.865,615.91,1.0
7.87,518.07,1.0
7.875,528.03,1.0
7.88,0.0,1.0
7.885,0.0,1.0
7.89,0.0,1.0
7.895,0.0,1.0
7.9,0.0,1.0
7.905,0.0,1.0
7.91,0.0,1.0
7.915,0.0,1.0
7.92,0.0,1.0
7.925,0.0,1.0
7.93,0.0,1.0
7.935,0.0,1.0
7.94,0.0,1.0
7.945,0.0,1.0
7.95,0.0,1.0
7.955,0.0,1.0
7.96,0.0,1.0
7.965,0.0,1.0
7.97,0.0,1.0
7.975,0.0,1.0
7.98,0.0,1.0
7.985,0.0,1.0
7.99,0.0,1.0
7.995,0.0,1.0
8.0,0.0,1.0
8.005,0.0,1.0
8.01,0.0,1.0
8.015,0.0,1.0
8.02,0.0,1.0
8.025,0.0,1.0
8.03,0.0,1.0
8.035,0.0,1.0
8.04,0.0,1.0
8.045,0.0,1.0
8.05,0.0,1.0
8.055,0.0,1.0
8.06,0.0,1.0
8.065,0.0,1.0
8.07,0.0,1.0
8.075,0.0,1.0
8.08,0.0,1.0
8.085,0.0,1.0
8.09,0.0,1.0
8.095,0.0,1.0
8.1,0.0,1.0
8.105,0.0,1.0
8.11,0.0,1.0
8.115,0.0,1.0
8.12,0.0,1.0
8.125,0.0,1.0
8.13,0.0,1.0
8.135,0.0,1.0
8.14,0.0,1.0
8.145,0.0,1.0
8.15,0.0,1.0
8.155,0.0,1.0
8.16,0.0,1.0
8.165,0.0,1.0
8.17,0.0,1.0
8.175,0.0,1.0
8.18,0.0,1.0
8.185,0.0,1.0
8.19,221.27,1.0
8.195,192.28,1.0
8.2,251.97,1.0
8.205,207.57,1.0
8.21,256.16,1.0
8.215,237.1,1.0
8.22,242.05,1.0
8.225,214.24,1.0
8.23,224.46,1.0
8.235,221.08,1.0
8.24,232.33,1.0
8.245,229.04,1.0
8.25,261.65,1.0
8.255,231.79,1.0
8.26,232.45,1.0
8.265,235.53,1.0
8.27,235.43,1.0
8.275,237.69,1.0
8.28,240.41,1.0
8.285,241.64,1.0
8.29,241.18,1.0
8.295,243.27,1.0
8.3,244.68,1.0
8.305,246.33,1.0
8.31,246.57,1.0
8.315,246.57,1.0
8.32,248.27,1.0
8.325,249.24,1.0
8.33,250.82,1.0
8.335,251.19,1.0
8.34,252.7,1.0
8.345,253.01,1.0
8.35,255.42,1.0
8.355,256.79,1.0
8.36,257.8,1.0
8.365,258.09,1.0
8.37,258.15,1.0
8.375,258.39,1.0
8.38,258.33,1.0
8.385,258.41,1.0
8.39,258.85,1.0
8.395,259.6,1.0
8.4,259.93,1.0
8.405,260.01,1.0
8.41,259.52,1.0
8.415,259.32,1.0
8.42,258.59,1.0
8.425,257.46,1.0
8.43,256.22,1.0
8.435,255.64,1.0
8.44,255.22,1.0
8.445,254.94,1.0
8.45,255.3,1.0
8.455,255.4,1.0
8.46,254.7,1.0
8.465,253.91,1.0
8.47,254.79,1.0
8.475,254.39,1.0
8.48,254.4,1.0
8.485,254.86,1.0
8.49,255.34,1.0
8.495,255.86,1.0
8.5,256.28,1.0
8.505,255.51,1.0
8.51,256.1,1.0
8.515,256.25,1.0
8.52,256.52,1.0
8.525,257.18,1.0
8.53,257.24,1.0
8.535,257.21,1.0
8.54,257.18,1.0
8.545,257.74,1.0
8.55,257.75,1.0
8.555,257.43,1.0
8.56,256.71,1.0
8.565,256.35,1.0
8.57,255.54,1.0
8.575,256.27,1.0
8.58,255.65,1.0
8.585,255.13,1.0
8.59,254.29,1.0
8.595,254.49,1.0
8.6,253.14,1.0
8.605,252.6,1.0
8.61,252.25,1.0
8.615,251.71,1.0
8.62,251.33,1.0
8.625,250.58,1.0
8.63,250.95,1.0
8.635,251.29,1.0
8.64,250.95,1.0
8.645,251.59,1.0
8.65,251.74,1.0
8.655,251.18,1.0
8.66,252.16,1.0
8.665,251.7,1.0
8.67,252.11,1.0
8.675,251.9,1.0
8.68,252.32,1.0
8.685,253.55,1.0
8.69,254.19,1.0
8.695,254.5,1.0
8.7,257.78,1.0
8.705,259.8,1.0
8.71,263.15,1.0
8.715,263.99,1.0
8.72,259.89,1.0
8.725,258.58,1.0
8.73,261.27,1.0
8.735,262.65,1.0
8.74,263.18,1.0
8.745,262.27,1.0
8.75,263.2,1.0
8.755,261.84,1.0
8.76,260.48,1.0
8.765,254.21,1.0
8.77,255.7,1.0
8.775,257.73,1.0
8.78,255.72,1.0
8.785,252.78,1.0
8.79,256.56,1.0
8.795,256.12,1.0
8.8,257.47,1.0
8.805,256.69,1.0
8.81,258.6,1.0
8.815,259.27,1.0
8.82,259.28,1.0
8.825,262.23,1.0
8.83,261.17,1.0
8.835,259.92,1.0
8.84,256.91,1.0
8.845,256.66,1.0
8.85,258.55,1.0
8.855,253.31,1.0
8.86,251.92,1.0
8.865,255.62,1.0
8.87,258.4,1.0
8.875,256.43,1.0
8.88,257.36,1.0
8.885,255.88,1.0
8.89,212.11,1.0
8.895,244.86,1.0
8.9,243.03,1.0
8.905,243.2,1.0
8.91,217.56,1.0
8.915,238.62,1.0
8.92,267.88,1.0
8.925,264.57,1.0
8.93,267.12,1.0
8.935,266.51,1.0
8.94,267.57,1.0
8.945,266.78,1.0
8.95,266.92,1.0
8.955,265.46,1.0
8.96,265.07,1.0
8.965,262.94,1.0
8.97,262.33,1.0
8.975,261.11,1.0
8.98,260.78,1.0
8.985,259.58,1.0
8.99,259.39,1.0
8.995,259.93,1.0
9.0,259.36,1.0
9.005,259.37,1.0
9.01,260.07,1.0
9.015,259.93,1.0
9.02,259.75,1.0
9.025,260.22,1.0
9.03,259.44,1.0
9.035,260.25,1.0
9.04,259.83,1.0
9.045,260.27,1.0
9.05,259.75,1.0
9.055,259.91,1.0
9.06,258.29,1.0
9.065,259.46,1.0
9.07,258.67,1.0
9.075,258.78,1.0
9.08,259.1,1.0
9.085,258.32,1.0
9.09,258.18,1.0
9.095,258.17,1.0
9.1,257.59,1.0
9.105,257.21,1.0
9.11,257.16,1.0
9.115,256.99,1.0
9.12,255.64,1.0
9.125,255.19,1.0
9.13,255.46,1.0
9.135,255.62,1.0
9.14,254.72,1.0
9.145,254.52,1.0
9.15,255.53,1.0
9.155,256.2,1.0
9.16,255.61,1.0
9.165,255.79,1.0
9.17,255.8,1.0
9.175,254.84,1.0
9.18,253.16,1.0
9.185,255.08,1.0
9.19,247.61,1.0
9.195,252.03,1.0
9.2,252.28,1.0
9.205,252.32,1.0
9.21,254.14,1.0
9.215,246.95,1.0
9.22,235.88,1.0
9.225,263.88,1.0
9.23,257.36,1.0
9.235,256.38,1.0
9.24,259.81,1.0
9.245,285.05,1.0
9.25,258.43,1.0
9.255,269.51,1.0
9.26,263.75,1.0
9.265,262.33,1.0
9.27,262.36,1.0
9.275,263.76,1.0
9.28,262.59,1.0
9.285,265.13,1.0
9.29,264.26,1.0
9.295,262.02,1.0
9.3,263.07,1.0
9.305,262.37,1.0
9.31,263.77,1.0
9.315,261.66,1.0
9.32,262.57,1.0
9.325,263.49,1.0
9.33,262.33,1.0
9.335,264.95,1.0
9.34,261.33,1.0
9.345,263.45,1.0
9.35,261.76,1.0
9.355,257.91,1.0
9.36,250.19,1.0
9.365,252.22,1.0
9.37,250.42,1.0
9.375,246.51,1.0
9.38,244.84,1.0
9.385,255.42,1.0
9.39,258.12,1.0
9.395,260.87,1.0
9.4,260.06,1.0
9.405,261.94,1.0
9.41,262.66,1.0
9.415,260.8,1.0
9.42,261.56,1.0
9.425,261.79,1.0
9.43,261.51,1.0
9.435,262.64,1.0
9.44,262.3,1.0
9.445,261.82,1.0
9.45,261.71,1.0
9.455,262.38,1.0
9.46,261.76,1.0
9.465,259.76,1.0
9.47,260.88,1.0
9.475,260.67,1.0
9.48,257.74,1.0
9.485,263.14,1.0
9.49,259.48,1.0
9.495,258.29,1.0
9.5,258.46,1.0
9.505,260.04,1.0
9.51,259.38,1.0
9.515,257.93,1.0
9.52,258.92,1.0
9.525,258.86,1.0
9.53,257.49,1.0
9.535,257.58,1.0
9.54,258.85,1.0
9.545,258.2,1.0
9.55,258.83,1.0
9.555,258.58,1.0
9.56,259.4,1.0
9.565,258.43,1.0
9.57,259.58,1.0
9.575,259.8,1.0
9.58,260.68,1.0
9.585,260.35,1.0
9.59,259.87,1.0
9.595,260.68,1.0
9.6,260.02,1.0
9.605,260.42,1.0
9.61,260.73,1.0
9.615,260.02,1.0
9.62,261.02,1.0
9.625,259.84,1.0
9.63,258.85,1.0
9.635,257.13,1.0
9.64,256.67,1.0
9.645,251.12,1.0
9.65,250.17,1.0
9.655,251.28,1.0
9.66,254.0,1.0
9.665,245.9,1.0
9.67,246.54,1.0
9.675,251.18,1.0
9.68,247.11,1.0
9.685,267.06,1.0
9.69,258.47,1.0
9.695,294.27,1.0
9.7,283.73,1.0
9.705,286.26,1.0
9.71,288.68,1.0
9.715,286.8,1.0
9.72,288.42,1.0
9.725,287.98,1.0
9.73,288.97,1.0
9.735,287.68,1.0
9.74,289.4,1.0
9.745,290.04,1.0
9.75,290.29,1.0
9.755,289.73,1.0
9.76,290.4,1.0
9.765,289.38,1.0
9.77,286.05,1.0
9.775,288.59,1.0
9.78,286.84,1.0
9.785,284.8,1.0
9.79,285.38,1.0
9.795,283.26,1.0
9.8,285.16,1.0
9.805,283.82,1.0
9.81,286.7,1.0
9.815,286.16,1.0
9.82,286.34,1.0
9.825,288.32,1.0
9.83,288.65,1.0
9.835,289.15,1.0
9.84,286.14,1.0
9.845,278.99,1.0
9.85,282.24,1.0
9.855,280.12,1.0
9.86,282.56,1.0
9.865,289.14,1.0
9.87,311.19,1.0
9.875,310.34,1.0
9.88,314.68,1.0
9.885,314.68,1.0
9.89,321.05,1.0
9.895,315.37,1.0
9.9,318.9,1.0
9.905,318.96,1.0
9.91,320.38,1.0
9.915,316.96,1.0
9.92,329.65,1.0
9.925,321.75,1.0
9.93,319.39,1.0
9.935,324.65,1.0
9.94,321.36,1.0
9.945,326.37,1.0
9.95,321.85,1.0
9.955,324.57,1.0
9.96,323.86,1.0
9.965,323.9,1.0
9.97,325.08,1.0
9.975,325.07,1.0
9.98,328.36,1.0
9.985,323.59,1.0
9.99,322.11,1.0
9.995,323.53,1.0
10.0,324.23,1.0
10.005,327.7,1.0
10.01,325.56,1.0
10.015,323.66,1.0
10.02,324.63,1.0
10.025,324.88,1.0
10.03,324.3,1.0
10.035,322.74,1.0
10.04,324.21,1.0
10.045,324.8,1.0
10.05,323.91,1.0
10.055,324.67,1.0
10.06,322.37,1.0
10.065,321.11,1.0
10.07,322.69,1.0
10.075,323.07,1.0
10.08,324.69,1.0
10.085,317.78,1.0
10.09,323.61,1.0
10.095,327.51,1.0
10.1,327.98,1.0
10.105,328.1,1.0
10.11,328.06,1.0
10.115,330.7,1.0
10.12,331.82,1.0
10.125,332.38,1.0
10.13,336.17,1.0
10.135,337.67,1.0
10.14,333.75,1.0
10.145,278.72,1.0
10.15,324.67,1.0
10.155,348.68,1.0
10.16,340.18,1.0
10.165,343.15,1.0
10.17,439.99,1.0
10.175,345.57,1.0
10.18,402.87,1.0
10.185,390.07,1.0
10.19,384.47,1.0
10.195,384.16,1.0
10.2,390.87,1.0
10.205,392.92,1.0
10.21,394.99,1.0
10.215,400.53,1.0
10.22,401.24,1.0
10.225,409.98,1.0
10.23,412.89,1.0
10.235,414.23,1.0
10.24,413.19,1.0
10.245,413.29,1.0
10.25,414.4,1.0
10.255,414.4,1.0
10.26,413.86,1.0
10.265,414.6,1.0
10.27,415.71,1.0
10.275,414.4,1.0
10.28,412.85,1.0
10.285,413.22,1.0
10.29,413.38,1.0
10.295,414.07,1.0
10.3,416.24,1.0
10.305,416.99,1.0
10.31,416.39,1.0
10.315,414.37,1.0
10.32,415.74,1.0
10.325,414.5,1.0
10.33,414.12,1.0
10.335,416.7,1.0
10.34,414.49,1.0
10.345,417.13,1.0
10.35,416.61,1.0
10.355,415.69,1.0
10.36,418.46,1.0
10.365,418.67,1.0
10.37,418.61,1.0
10.375,418.11,1.0
10.38,420.14,1.0
10.385,419.59,1.0
10.39,421.4,1.0
10.395,420.59,1.0
10.4,422.05,1.0
10.405,423.24,1.0
10.41,423.63,1.0
10.415,425.35,1.0
10.42,425.68,1.0
10.425,426.18,1.0
10.43,426.44,1.0
10.435,429.57,1.0
10.44,428.36,1.0
10.445,430.19,1.0
10.45,431.83,1.0
10.455,433.15,1.0
10.46,436.81,1.0
10.465,437.57,1.0
10.47,438.45,1.0
10.475,439.3,1.0
10.48,440.04,1.0
10.485,439.05,1.0
10.49,438.55,1.0
10.495,439.05,1.0
10.5,438.74,1.0
10.505,437.38,1.0
10.51,437.63,1.0
10.515,437.81,1.0
10.52,437.5,1.0
10.525,435.84,1.0
10.53,437.62,1.0
10.535,434.61,1.0
10.54,436.45,1.0
10.545,435.06,1.0
10.55,436.2,1.0
10.555,437.58,1.0
10.56,437.74,1.0
10.565,436.46,1.0
10.57,436.26,1.0
10.575,435.73,1.0
10.58,436.52,1.0
10.585,437.34,1.0
10.59,437.18,1.0
10.595,436.09,1.0
10.6,435.95,1.0
10.605,434.7,1.0
10.61,435.76,1.0
10.615,433.08,1.0
10.62,432.89,1.0
10.625,434.96,1.0
10.63,434.43,1.0
10.635,432.16,1.0
10.64,432.06,1.0
10.645,434.35,1.0
10.65,434.5,1.0
10.655,434.63,1.0
10.66,433.96,1.0
10.665,434.78,1.0
10.67,432.4,1.0
10.675,432.93,1.0
10.68,432.92,1.0
10.685,433.8,1.0
10.69,433.78,1.0
10.695,434.69,1.0
10.7,434.36,1.0
10.705,435.24,1.0
10.71,435.02,1.0
10.715,436.1,1.0
10.72,437.82,1.0
10.725,436.81,1.0
10.73,438.54,1.0
10.735,439.08,1.0
10.74,437.93,1.0
10.745,436.07,1.0
10.75,436.62,1.0
10.755,436.75,1.0
10.76,435.57,1.0
10.765,434.83,1.0
10.77,433.35,1.0
10.775,432.68,1.0
10.78,432.56,1.0
10.785,431.01,1.0
10.79,431.5,1.0
10.795,431.52,1.0
10.8,433.17,1.0
10.805,433.18,1.0
10.81,433.25,1.0
10.815,434.08,1.0
10.82,435.06,1.0
10.825,433.56,1.0
10.83,433.79,1.0
10.835,435.07,1.0
10.84,435.42,1.0
10.845,435.84,1.0
10.85,435.39,1.0
10.855,436.01,1.0
10.86,436.27,1.0
10.865,436.05,1.0
10.87,437.99,1.0
10.875,438.02,1.0
10.88,436.7,1.0
10.885,437.43,1.0
10.89,435.56,1.0
10.895,435.28,1.0
10.9,436.84,1.0
10.905,436.91,1.0
10.91,436.43,1.0
10.915,436.91,1.0
10.92,436.79,1.0
10.925,436.9,1.0
10.93,436.91,1.0
10.935,436.63,1.0
10.94,437.08,1.0
10.945,437.79,1.0
10.95,436.41,1.0
10.955,437.82,1.0
10.96,436.78,1.0
10.965,436.77,1.0
10.97,438.19,1.0
10.975,437.9,1.0
10.98,436.24,1.0
10.985,435.44,1.0
10.99,435.48,1.0
10.995,434.67,1.0
11.0,435.24,1.0
11.005,435.06,1.0
11.01,434.15,1.0
11.015,432.72,1.0
11.02,433.42,1.0
11.025,432.25,1.0
11.03,433.49,1.0
11.035,432.86,1.0
11.04,432.89,1.0
11.045,434.86,1.0
11.05,434.24,1.0
11.055,433.25,1.0
11.06,434.3,1.0
11.065,434.45,1.0
11.07,435.81,1.0
11.075,435.21,1.0
11.08,435.46,1.0
11.085,435.64,1.0
11.09,435.2,1.0
11.095,435.8,1.0
11.1,435.34,1.0
11.105,436.02,1.0
11.11,436.42,1.0
11.115,437.99,1.0
11.12,439.02,1.0
11.125,439.63,1.0
11.13,436.56,1.0
11.135,439.89,1.0
11.14,436.71,1.0
11.145,435.93,1.0
11.15,436.69,1.0
11.155,436.78,1.0
11.16,435.09,1.0
11.165,435.62,1.0
11.17,435.3,1.0
11.175,434.2,1.0
11.18,436.25,1.0
11.185,434.67,1.0
11.19,434.13,1.0
11.195,434.64,1.0
11.2,432.62,1.0
11.205,432.57,1.0
11.21,432.01,1.0
11.215,432.11,1.0
11.22,430.41,1.0
11.225,430.85,1.0
11.23,434.68,1.0
11.235,431.81,1.0
11.24,436.22,1.0
11.245,432.85,1.0
11.25,433.25,1.0
11.255,436.44,1.0
11.26,434.51,1.0
11.265,432.44,1.0
11.27,432.79,1.0
11.275,433.34,1.0
11.28,432.46,1.0
11.285,433.77,1.0
11.29,437.55,1.0
11.295,436.21,1.0
11.3,437.13,1.0
11.305,441.02,1.0
11.31,439.69,1.0
11.315,439.24,1.0
11.32,441.51,1.0
11.325,440.28,1.0
11.33,440.31,1.0
11.335,442.63,1.0
11.34,442.6,1.0
11.345,440.68,1.0
11.35,441.2,1.0
11.355,441.77,1.0
11.36,441.02,1.0
11.365,439.57,1.0
11.37,439.33,1.0
11.375,438.51,1.0
11.38,438.31,1.0
11.385,437.62,1.0
11.39,436.52,1.0
11.395,435.81,1.0
11.4,435.52,1.0
11.405,434.33,1.0
11.41,433.2,1.0
11.415,433.5,1.0
11.42,431.03,1.0
11.425,430.09,1.0
11.43,429.98,1.0
11.435,430.36,1.0
11.44,432.1,1.0
11.445,434.74,1.0
11.45,435.29,1.0
11.455,435.47,1.0
11.46,434.64,1.0
11.465,438.47,1.0
11.47,434.87,1.0
11.475,437.75,1.0
11.48,438.43,1.0
11.485,438.33,1.0
11.49,440.24,1.0
11.495,439.85,1.0
11.5,435.99,1.0
11.505,438.75,1.0
11.51,437.62,1.0
11.515,437.7,1.0
11.52,437.41,1.0
11.525,437.08,1.0
11.53,437.15,1.0
11.535,437.04,1.0
11.54,438.0,1.0
11.545,438.81,1.0
11.55,435.52,1.0
11.555,435.73,1.0
11.56,434.58,1.0
11.565,434.17,1.0
11.57,433.3,1.0
11.575,434.5,1.0
11.58,432.26,1.0
11.585,436.04,1.0
11.59,435.29,1.0
11.595,435.88,1.0
11.6,434.34,1.0
11.605,436.03,1.0
11.61,434.11,1.0
11.615,434.68,1.0
11.62,433.69,1.0
11.625,435.92,1.0
11.63,435.97,1.0
11.635,433.73,1.0
11.64,434.09,1.0
11.645,433.85,1.0
11.65,433.69,1.0
11.655,435.18,1.0
11.66,435.57,1.0
11.665,433.96,1.0
11.67,435.3,1.0
11.675,434.45,1.0
11.68,435.98,1.0
11.685,436.97,1.0
11.69,435.22,1.0
11.695,437.11,1.0
11.7,436.67,1.0
11.705,433.73,1.0
11.71,436.09,1.0
11.715,435.92,1.0
11.72,436.13,1.0
11.725,434.39,1.0
11.73,434.43,1.0
11.735,436.76,1.0
11.74,434.6,1.0
11.745,435.32,1.0
11.75,434.19,1.0
11.755,434.25,1.0
11.76,434.76,1.0
11.765,435.45,1.0
11.77,432.73,1.0
11.775,432.29,1.0
11.78,432.2,1.0
11.785,433.35,1.0
11.79,433.3,1.0
11.795,431.98,1.0
11.8,431.61,1.0
11.805,428.52,1.0
11.81,432.5,1.0
11.815,430.82,1.0
11.82,430.3,1.0
11.825,428.88,1.0
11.83,429.86,1.0
11.835,428.76,1.0
11.84,424.58,1.0
11.845,424.58,1.0
11.85,422.63,1.0
11.855,418.31,1.0
11.86,415.09,1.0
11.865,414.1,1.0
11.87,410.08,1.0
11.875,409.7,1.0
11.88,408.79,1.0
11.885,407.76,1.0
11.89,407.16,1.0
11.895,406.82,1.0
11.9,407.8,1.0
11.905,407.46,1.0
11.91,407.18,1.0
11.915,408.16,1.0
11.92,407.66,1.0
11.925,409.17,1.0
11.93,407.59,1.0
11.935,409.33,1.0
11.94,408.29,1.0
11.945,411.86,1.0
11.95,409.98,1.0
11.955,412.99,1.0
11.96,411.98,1.0
11.965,412.87,1.0
11.97,414.9,1.0
11.975,416.09,1.0
11.98,417.74,1.0
11.985,418.55,1.0
11.99,422.46,1.0
11.995,426.99,1.0
12.0,430.97,1.0
12.005,432.72,1.0
12.01,434.23,1.0
12.015,435.03,1.0
12.02,434.57,1.0
12.025,434.56,1.0
12.03,436.41,1.0
12.035,437.14,1.0
12.04,437.6,1.0
12.045,437.84,1.0
12.05,439.12,1.0
12.055,440.2,1.0
12.06,440.12,1.0
12.065,435.98,1.0
12.07,436.24,1.0
12.075,434.24,1.0
12.08,433.96,1.0
12.085,432.18,1.0
12.09,430.9,1.0
12.095,429.16,1.0
12.1,426.47,1.0
12.105,424.23,1.0
12.11,422.24,1.0
12.115,419.16,1.0
12.12,421.31,1.0
12.125,420.43,1.0
12.13,417.21,1.0
12.135,415.24,1.0
12.14,414.68,1.0
12.145,411.39,1.0
12.15,410.87,1.0
12.155,407.54,1.0
12.16,406.62,1.0
12.165,403.97,1.0
12.17,399.87,1.0
12.175,398.97,1.0
12.18,395.1,1.0
12.185,390.65,1.0
12.19,387.59,1.0
12.195,385.37,1.0
12.2,381.53,1.0
12.205,382.9,1.0
12.21,386.39,1.0
12.215,385.64,1.0
12.22,383.97,1.0
12.225,383.77,1.0
12.23,382.96,1.0
12.235,383.45,1.0
12.24,382.83,1.0
12.245,383.91,1.0
12.25,386.0,1.0
12.255,385.8,1.0
12.26,386.33,1.0
12.265,386.85,1.0
12.27,387.56,1.0
12.275,386.06,1.0
12.28,390.38,1.0
12.285,388.43,1.0
12.29,388.51,1.0
12.295,389.76,1.0
12.3,388.96,1.0
12.305,389.87,1.0
12.31,389.26,1.0
12.315,389.02,1.0
12.32,387.78,1.0
12.325,387.73,1.0
12.33,387.15,1.0
12.335,386.46,1.0
12.34,387.64,1.0
12.345,385.7,1.0
12.35,386.06,1.0
12.355,386.34,1.0
12.36,388.33,1.0
12.365,387.49,1.0
12.37,390.84,1.0
12.375,390.48,1.0
12.38,390.39,1.0
12.385,393.52,1.0
12.39,392.55,1.0
12.395,392.93,1.0
12.4,393.63,1.0
12.405,393.79,1.0
12.41,394.11,1.0
12.415,393.31,1.0
12.42,392.97,1.0
12.425,392.37,1.0
12.43,392.97,1.0
12.435,392.89,1.0
12.44,391.79,1.0
12.445,389.22,1.0
12.45,391.91,1.0
12.455,391.08,1.0
12.46,390.89,1.0
12.465,392.34,1.0
12.47,392.33,1.0
12.475,390.25,1.0
12.48,390.01,1.0
12.485,391.1,1.0
12.49,389.4,1.0
12.495,388.29,1.0
12.5,388.08,1.0
12.505,387.31,1.0
12.51,386.83,1.0
12.515,384.71,1.0
12.52,384.06,1.0
12.525,384.29,1.0
12.53,383.04,1.0
12.535,383.5,1.0
12.54,384.09,1.0
12.545,384.91,1.0
12.55,384.91,1.0
12.555,384.3,1.0
12.56,385.55,1.0
12.565,385.94,1.0
12.57,387.17,1.0
12.575,390.11,1.0
12.58,390.59,1.0
12.585,390.25,1.0
12.59,392.42,1.0
12.595,391.27,1.0
12.6,392.28,1.0
12.605,392.18,1.0
12.61,391.53,1.0
12.615,390.52,1.0
12.62,390.18,1.0
12.625,388.06,1.0
12.63,388.82,1.0
12.635,386.64,1.0
12.64,387.69,1.0
12.645,387.01,1.0
12.65,387.07,1.0
12.655,387.58,1.0
12.66,386.46,1.0
12.665,386.72,1.0
12.67,387.71,1.0
12.675,388.19,1.0
12.68,389.63,1.0
12.685,392.88,1.0
12.69,397.81,1.0
12.695,401.75,1.0
12.7,411.42,1.0
12.705,418.72,1.0
12.71,421.86,1.0
12.715,419.1,1.0
12.72,420.77,1.0
12.725,422.23,1.0
12.73,425.06,1.0
12.735,431.65,1.0
12.74,422.56,1.0
12.745,425.39,1.0
12.75,405.37,1.0
12.755,445.78,1.0
12.76,404.55,1.0
12.765,389.4,1.0
12.77,401.75,1.0
12.775,433.14,1.0
12.78,489.27,1.0
12.785,537.36,1.0
12.79,489.62,1.0
12.795,485.53,1.0
12.8,576.4,1.0
12.805,551.04,1.0
12.81,0.0,1.0
12.815,0.0,1.0
12.82,0.0,1.0
12.825,0.0,1.0
12.83,0.0,1.0
12.835,0.0,1.0
12.84,0.0,1.0
12.845,0.0,1.0
12.85,0.0,1.0
12.855,0.0,1.0
12.86,0.0,1.0
12.865,0.0,1.0
12.87,0.0,1.0
12.875,0.0,1.0
12.88,0.0,1.0
12.885,0.0,1.0
12.89,0.0,1.0
12.895,0.0,1.0
12.9,0.0,1.0
12.905,0.0,1.0
12.91,0.0,1.0
12.915,0.0,1.0
12.92,0.0,1.0
12.925,0.0,1.0
12.93,0.0,1.0
12.935,0.0,1.0
12.94,0.0,1.0
12.945,0.0,1.0
12.95,0.0,1.0
12.955,0.0,1.0
12.96,0.0,1.0
12.965,0.0,1.0
12.97,0.0,1.0
12.975,0.0,1.0
12.98,0.0,1.0
12.985,0.0,1.0
12.99,0.0,1.0
12.995,0.0,1.0
13.0,0.0,1.0
13.005,0.0,1.0
13.01,0.0,1.0
13.015,0.0,1.0
13.02,0.0,1.0
13.025,0.0,1.0
13.03,0.0,1.0
13.035,0.0,1.0
13.04,245.57,1.0
13.045,299.34,1.0
13.05,298.25,1.0
13.055,288.12,1.0
13.06,311.16,1.0
13.065,275.19,1.0
13.07,249.77,1.0
13.075,262.0,1.0
13.08,212.99,1.0
13.085,195.33,1.0
13.09,152.03,1.0
13.095,134.75,1.0
13.1,110.56,1.0
13.105,108.3,1.0
13.11,121.8,1.0
13.115,117.63,1.0
13.12,120.43,1.0
13.125,124.88,1.0
13.13,109.26,1.0
13.135,104.59,1.0
13.14,103.69,1.0
13.145,99.53,1.0
13.15,92.13,1.0
13.155,104.36,1.0
13.16,116.93,1.0
13.165,111.54,1.0
13.17,100.91,1.0
13.175,114.4,1.0
13.18,0.0,1.0
13.185,0.0,1.0
13.19,0.0,1.0
13.195,0.0,1.0
13.2,0.0,1.0
13.205,0.0,1.0
13.21,0.0,1.0
13.215,0.0,1.0
13.22,0.0,1.0
13.225,0.0,1.0
13.23,0.0,1.0
13.235,0.0,1.0
13.24,0.0,1.0
13.245,0.0,1.0
13.25,0.0,1.0
13.255,0.0,1.0
13.26,0.0,1.0
13.265,0.0,1.0
13.27,0.0,1.0
13.275,0.0,1.0
13.28,0.0,1.0
13.285,0.0,1.0
13.29,0.0,1.0
13.295,0.0,1.0
13.3,0.0,1.0
13.305,0.0,1.0
13.31,0.0,1.0
13.315,0.0,1.0
13.32,0.0,1.0
13.325,250.32,1.0
13.33,263.92,1.0
13.335,255.55,1.0
13.34,265.8,1.0
13.345,296.69,1.0
13.35,319.54,1.0
13.355,320.39,1.0
13.36,288.44,1.0
13.365,324.81,1.0
13.37,428.75,1.0
13.375,481.43,1.0
13.38,478.74,1.0
13.385,506.07,1.0
13.39,498.06,1.0
13.395,337.34,1.0
13.4,333.19,1.0
13.405,367.71,1.0
13.41,364.3,1.0
13.415,381.22,1.0
13.42,372.92,1.0
13.425,368.56,1.0
13.43,366.22,1.0
13.435,363.07,1.0
13.44,365.68,1.0
13.445,365.8,1.0
13.45,364.39,1.0
13.455,361.49,1.0
13.46,364.22,1.0
13.465,361.53,1.0
13.47,364.07,1.0
13.475,362.69,1.0
13.48,364.72,1.0
13.485,363.02,1.0
13.49,368.31,1.0
13.495,365.54,1.0
13.5,366.81,1.0
13.505,367.13,1.0
13.51,368.63,1.0
13.515,370.45,1.0
13.52,371.96,1.0
13.525,375.51,1.0
13.53,376.09,1.0
13.535,380.08,1.0
13.54,379.81,1.0
13.545,380.86,1.0
13.55,382.67,1.0
13.555,382.17,1.0
13.56,382.74,1.0
13.565,380.45,1.0
13.57,379.3,1.0
13.575,380.48,1.0
13.58,377.15,1.0
13.585,377.31,1.0
13.59,377.05,1.0
13.595,376.45,1.0
13.6,374.63,1.0
13.605,373.94,1.0
13.61,373.16,1.0
13.615,372.26,1.0
13.62,369.58,1.0
13.625,367.23,1.0
13.63,367.82,1.0
13.635,368.15,1.0
13.64,367.11,1.0
13.645,369.16,1.0
13.65,369.67,1.0
13.655,369.73,1.0
13.66,367.25,1.0
13.665,364.63,1.0
13.67,360.4,1.0
13.675,355.65,1.0
13.68,353.5,1.0
13.685,351.52,1.0
13.69,349.56,1.0
13.695,344.24,1.0
13.7,331.78,1.0
13.705,328.74,1.0
13.71,325.68,1.0
13.715,322.53,1.0
13.72,319.38,1.0
13.725,317.62,1.0
13.73,315.49,1.0
13.735,315.69,1.0
13.74,314.38,1.0
13.745,318.22,1.0
13.75,316.3,1.0
13.755,317.21,1.0
13.76,319.34,1.0
13.765,324.75,1.0
13.77,324.52,1.0
13.775,325.76,1.0
13.78,325.01,1.0
13.785,326.89,1.0
13.79,330.3,1.0
13.795,327.37,1.0
13.8,328.7,1.0
13.805,331.65,1.0
13.81,328.44,1.0
13.815,331.32,1.0
13.82,322.7,1.0
13.825,330.36,1.0
13.83,328.72,1.0
13.835,328.09,1.0
13.84,327.94,1.0
13.845,328.06,1.0
13.85,326.63,1.0
13.855,330.58,1.0
13.86,328.46,1.0
13.865,323.11,1.0
13.87,334.09,1.0
13.875,327.02,1.0
13.88,340.79,1.0
13.885,325.89,1.0
13.89,342.99,1.0
13.895,341.25,1.0
13.9,331.76,1.0
13.905,341.67,1.0
13.91,333.32,1.0
13.915,335.24,1.0
13.92,343.2,1.0
13.925,342.51,1.0
13.93,331.95,1.0
13.935,326.51,1.0
13.94,325.43,1.0
13.945,334.05,1.0
13.95,332.38,1.0
13.955,325.46,1.0
13.96,332.27,1.0
13.965,334.73,1.0
13.97,331.96,1.0
13.975,320.15,1.0
13.98,324.92,1.0
13.985,325.98,1.0
13.99,320.91,1.0
13.995,320.95,1.0
14.0,329.07,1.0
14.005,324.11,1.0
14.01,321.43,1.0
14.015,328.58,1.0
14.02,321.87,1.0
14.025,324.71,1.0
14.03,330.41,1.0
14.035,329.01,1.0
14.04,319.86,1.0
14.045,312.68,1.0
14.05,326.27,1.0
14.055,324.66,1.0
14.06,329.99,1.0
14.065,322.48,1.0
14.07,308.36,1.0
14.075,320.95,1.0
14.08,326.99,1.0
14.085,333.44,1.0
14.09,318.2,1.0
14.095,310.18,1.0
14.1,315.07,1.0
14.105,330.83,1.0
14.11,317.42,1.0
14.115,320.59,1.0
14.12,317.55,1.0
14.125,315.51,1.0
14.13,330.07,1.0
14.135,328.52,1.0
14.14,317.41,1.0
14.145,325.76,1.0
14.15,315.17,1.0
14.155,319.09,1.0
14.16,315.7,1.0
14.165,313.61,1.0
14.17,304.63,1.0
14.175,304.7,1.0
14.18,305.01,1.0
14.185,300.04,1.0
14.19,291.53,1.0
14.195,290.08,1.0
14.2,293.33,1.0
14.205,285.95,1.0
14.21,287.8,1.0
14.215,289.84,1.0
14.22,291.37,1.0
14.225,287.18,1.0
14.23,288.71,1.0
14.235,285.19,1.0
14.24,288.97,1.0
14.245,293.15,1.0
14.25,282.64,1.0
14.255,285.34,1.0
14.26,285.51,1.0
14.265,285.06,1.0
14.27,291.35,1.0
14.275,283.58,1.0
14.28,290.51,1.0
14.285,285.63,1.0
14.29,287.75,1.0
14.295,286.86,1.0
14.3,291.22,1.0
14.305,284.92,1.0
14.31,286.71,1.0
14.315,291.81,1.0
14.32,286.95,1.0
14.325,284.42,1.0
14.33,290.14,1.0
14.335,286.2,1.0
14.34,283.58,1.0
14.345,280.87,1.0
14.35,278.43,1.0
14.355,282.3,1.0
14.36,277.24,1.0
14.365,278.88,1.0
14.37,279.44,1.0
14.375,281.85,1.0
14.38,285.52,1.0
14.385,287.44,1.0
14.39,293.03,1.0
14.395,296.33,1.0
14.4,280.87,1.0
14.405,293.87,1.0
14.41,294.37,1.0
14.415,293.68,1.0
14.42,291.49,1.0
14.425,288.65,1.0
14.43,288.66,1.0
14.435,285.55,1.0
14.44,287.65,1.0
14.445,289.92,1.0
14.45,289.28,1.0
14.455,287.86,1.0
14.46,289.73,1.0
14.465,289.25,1.0
14.47,286.63,1.0
14.475,288.57,1.0
14.48,287.36,1.0
14.485,287.13,1.0
14.49,286.66,1.0
14.495,287.72,1.0
14.5,289.65,1.0
14.505,286.87,1.0
14.51,286.35,1.0
14.515,287.82,1.0
14.52,288.2,1.0
14.525,285.26,1.0
14.53,287.8,1.0
14.535,289.43,1.0
14.54,285.95,1.0
14.545,286.44,1.0
14.55,287.52,1.0
14.555,287.73,1.0
14.56,284.96,1.0
14.565,287.06,1.0
14.57,286.05,1.0
14.575,285.92,1.0
14.58,284.98,1.0
14.585,285.07,1.0
14.59,285.89,1.0
14.595,284.27,1.0
14.6,286.03,1.0
14.605,287.16,1.0
14.61,285.01,1.0
14.615,284.6,1.0
14.62,286.52,1.0
14.625,286.9,1.0
14.63,286.56,1.0
14.635,287.5,1.0
14.64,288.1,1.0
14.645,288.6,1.0
14.65,287.92,1.0
14.655,292.73,1.0
14.66,294.03,1.0
14.665,292.31,1.0
14.67,293.81,1.0
14.675,299.37,1.0
14.68,298.04,1.0
14.685,299.85,1.0
14.69,299.32,1.0
14.695,303.89,1.0
14.7,300.72,1.0
14.705,281.12,1.0
14.71,268.78,1.0
14.715,285.03,1.0
14.72,303.38,1.0
14.725,307.76,1.0
14.73,324.8,1.0
14.735,325.91,1.0
14.74,319.51,1.0
14.745,321.73,1.0
14.75,319.26,1.0
14.755,322.33,1.0
14.76,320.76,1.0
14.765,324.25,1.0
14.77,320.64,1.0
14.775,317.09,1.0
14.78,317.54,1.0
14.785,322.21,1.0
14.79,322.88,1.0
14.795,316.91,1.0
14.8,316.24,1.0
14.805,319.75,1.0
14.81,319.98,1.0
14.815,318.37,1.0
14.82,319.68,1.0
14.825,317.79,1.0
14.83,320.7,1.0
14.835,318.77,1.0
14.84,320.08,1.0
14.845,321.01,1.0
14.85,327.4,1.0
14.855,322.79,1.0
14.86,320.5,1.0
14.865,325.5,1.0
14.87,320.44,1.0
14.875,325.02,1.0
14.88,330.57,1.0
14.885,326.99,1.0
14.89,325.69,1.0
14.895,336.45,1.0
14.9,324.72,1.0
14.905,324.56,1.0
14.91,332.29,1.0
14.915,323.93,1.0
14.92,333.16,1.0
14.925,326.42,1.0
14.93,321.52,1.0
14.935,330.41,1.0
14.94,326.6,1.0
14.945,320.04,1.0
14.95,326.43,1.0
14.955,328.53,1.0
14.96,332.14,1.0
14.965,332.38,1.0
14.97,326.45,1.0
14.975,326.07,1.0
14.98,331.75,1.0
14.985,322.02,1.0
14.99,324.41,1.0
14.995,324.75,1.0
15.0,333.53,1.0
15.005,327.95,1.0
15.01,320.84,1.0
15.015,325.7,1.0
15.02,324.24,1.0
15.025,325.05,1.0
15.03,321.81,1.0
15.035,326.65,1.0
15.04,328.85,1.0
15.045,330.34,1.0
15.05,321.67,1.0
15.055,332.92,1.0
15.06,320.67,1.0
15.065,335.09,1.0
15.07,323.18,1.0
15.075,323.41,1.0
15.08,322.17,1.0
15.085,324.28,1.0
15.09,323.64,1.0
15.095,321.83,1.0
15.1,326.53,1.0
15.105,321.73,1.0
15.11,325.73,1.0
15.115,323.19,1.0
15.12,323.16,1.0
15.125,324.8,1.0
15.13,321.35,1.0
15.135,317.32,1.0
15.14,323.13,1.0
15.145,331.34,1.0
15.15,326.52,1.0
15.155,321.01,1.0
15.16,323.1,1.0
15.165,327.11,1.0
15.17,323.06,1.0
15.175,331.24,1.0
15.18,323.1,1.0
15.185,327.21,1.0
15.19,331.88,1.0
15.195,322.73,1.0
15.2,327.81,1.0
15.205,329.56,1.0
15.21,321.26,1.0
15.215,324.41,1.0
15.22,327.43,1.0
15.225,321.39,1.0
15.23,324.09,1.0
15.235,324.23,1.0
15.24,319.24,1.0
15.245,326.98,1.0
15.25,326.08,1.0
15.255,327.02,1.0
15.26,326.99,1.0
15.265,323.61,1.0
15.27,326.89,1.0
15.275,322.3,1.0
15.28,326.85,1.0
15.285,323.82,1.0
15.29,320.74,1.0
15.295,324.76,1.0
15.3,320.17,1.0
15.305,328.19,1.0
15.31,329.43,1.0
15.315,322.44,1.0
15.32,320.68,1.0
15.325,326.07,1.0
15.33,320.04,1.0
15.335,325.85,1.0
15.34,321.2,1.0
15.345,331.61,1.0
15.35,321.61,1.0
15.355,325.12,1.0
15.36,331.86,1.0
15.365,322.37,1.0
15.37,323.73,1.0
15.375,324.45,1.0
15.38,324.76,1.0
15.385,323.29,1.0
15.39,325.81,1.0
15.395,324.12,1.0
15.4,325.74,1.0
15.405,322.83,1.0
15.41,327.59,1.0
15.415,326.09,1.0
15.42,323.72,1.0
15.425,328.87,1.0
15.43,320.23,1.0
15.435,329.03,1.0
15.44,322.1,1.0
15.445,322.49,1.0
15.45,320.11,1.0
15.455,326.86,1.0
15.46,321.91,1.0
15.465,320.64,1.0
15.47,320.48,1.0
15.475,327.89,1.0
15.48,321.0,1.0
15.485,324.1,1.0
15.49,322.72,1.0
15.495,319.96,1.0
15.5,327.46,1.0
15.505,321.9,1.0
15.51,325.95,1.0
15.515,324.5,1.0
15.52,319.58,1.0
15.525,327.91,1.0
15.53,318.07,1.0
15.535,325.79,1.0
15.54,320.72,1.0
15.545,322.78,1.0
15.55,323.23,1.0
15.555,322.52,1.0
15.56,328.15,1.0
15.565,322.93,1.0
15.57,326.82,1.0
15.575,323.74,1.0
15.58,321.41,1.0
15.585,321.12,1.0
15.59,325.13,1.0
15.595,320.27,1.0
15.6,323.06,1.0
15.605,321.44,1.0
15.61,322.12,1.0
15.615,323.39,1.0
15.62,328.16,1.0
15.625,320.53,1.0
15.63,326.97,1.0
15.635,322.95,1.0
15.64,324.36,1.0
15.645,325.76,1.0
15.65,325.76,1.0
15.655,324.5,1.0
15.66,324.3,1.0
15.665,322.19,1.0
15.67,326.14,1.0
15.675,323.74,1.0
15.68,323.34,1.0
15.685,327.31,1.0
15.69,322.42,1.0
15.695,323.34,1.0
15.7,322.09,1.0
15.705,319.47,1.0
15.71,324.41,1.0
15.715,325.36,1.0
15.72,321.9,1.0
15.725,320.53,1.0
15.73,325.68,1.0
15.735,322.0,1.0
15.74,318.2,1.0
15.745,323.83,1.0
15.75,320.38,1.0
15.755,319.81,1.0
15.76,322.07,1.0
15.765,326.73,1.0
15.77,321.94,1.0
15.775,323.01,1.0
15.78,322.2,1.0
15.785,323.54,1.0
15.79,324.69,1.0
15.795,324.94,1.0
15.8,325.76,1.0
15.805,323.49,1.0
15.81,325.31,1.0
15.815,326.6,1.0
15.82,324.07,1.0
15.825,325.28,1.0
15.83,321.72,1.0
15.835,325.42,1.0
15.84,323.75,1.0
15.845,319.64,1.0
15.85,323.37,1.0
15.855,328.07,1.0
15.86,323.84,1.0
15.865,329.5,1.0
15.87,326.71,1.0
15.875,332.18,1.0
15.88,330.46,1.0
15.885,334.5,1.0
15.89,319.74,1.0
15.895,309.6,1.0
15.9,320.07,1.0
15.905,333.74,1.0
15.91,320.62,1.0
15.915,324.83,1.0
15.92,313.98,1.0
15.925,307.8,1.0
15.93,316.19,1.0
15.935,333.37,1.0
15.94,322.27,1.0
15.945,320.62,1.0
15.95,307.96,1.0
15.955,337.15,1.0
15.96,346.75,1.0
15.965,331.95,1.0
15.97,325.0,1.0
15.975,303.39,1.0
15.98,313.46,1.0
15.985,349.74,1.0
15.99,0.0,1.0
15.995,0.0,1.0
16.0,0.0,1.0
16.005,0.0,1.0
16.01,0.0,1.0
16.015,0.0,1.0
16.02,0.0,1.0
16.025,0.0,1.0
16.03,0.0,1.0
16.035,0.0,1.0
16.04,0.0,1.0
16.045,0.0,1.0
16.05,0.0,1.0
16.055,0.0,1.0
16.06,0.0,1.0
16.065,0.0,1.0
16.07,0.0,1.0
16.075,0.0,1.0
16.08,0.0,1.0
16.085,0.0,1.0
16.09,0.0,1.0
16.095,0.0,1.0
16.1,0.0,1.0
16.105,0.0,1.0
16.11,0.0,1.0
16.115,0.0,1.0
16.12,0.0,1.0
16.125,0.0,1.0
16.13,0.0,1.0
16.135,0.0,1.0
16.14,0.0,1.0
16.145,0.0,1.0
16.15,0.0,1.0
16.155,0.0,1.0
16.16,0.0,1.0
16.165,0.0,1.0
16.17,0.0,1.0
16.175,0.0,1.0
16.18,0.0,1.0
16.185,0.0,1.0
16.19,0.0,1.0
16.195,0.0,1.0
16.2,0.0,1.0
16.205,0.0,1.0
16.21,0.0,1.0
16.215,0.0,1.0
16.22,0.0,1.0
16.225,0.0,1.0
16.23,0.0,1.0
16.235,0.0,1.0
16.24,0.0,1.0
16.245,0.0,1.0
16.25,0.0,1.0
16.255,0.0,1.0
16.26,0.0,1.0
16.265,0.0,1.0
16.27,0.0,1.0
16.275,0.0,1.0
16.28,0.0,1.0
16.285,0.0,1.0
16.29,0.0,1.0
16.295,0.0,1.0
16.3,0.0,1.0
16.305,0.0,1.0
16.31,0.0,1.0
16.315,0.0,1.0
16.32,0.0,1.0
16.325,0.0,1.0
16.33,0.0,1.0
16.335,0.0,1.0
16.34,0.0,1.0
16.345,0.0,1.0
16.35,0.0,1.0
16.355,0.0,1.0
16.36,0.0,1.0
16.365,0.0,1.0
16.37,0.0,1.0
16.375,0.0,1.0
16.38,0.0,1.0
16.385,0.0,1.0
16.39,0.0,1.0
16.395,0.0,1.0
16.4,0.0,1.0
16.405,0.0,1.0
16.41,0.0,1.0
16.415,0.0,1.0
16.42,0.0,1.0
16.425,0.0,1.0
16.43,0.0,1.0
16.435,0.0,1.0
16.44,0.0,1.0
16.445,0.0,1.0
16.45,0.0,1.0
16.455,0.0,1.0
16.46,0.0,1.0
16.465,0.0,1.0
16.47,0.0,1.0
16.475,0.0,1.0
16.48,0.0,1.0
16.485,0.0,1.0
16.49,0.0,1.0
16.495,0.0,1.0
16.5,0.0,1.0
16.505,0.0,1.0
16.51,0.0,1.0
16.515,0.0,1.0
16.52,0.0,1.0
16.525,0.0,1.0
16.53,0.0,1.0
16.535,0.0,1.0
16.54,0.0,1.0
16.545,0.0,1.0
16.55,0.0,1.0
16.555,0.0,1.0
16.56,0.0,1.0
16.565,0.0,1.0
16.57,0.0,1.0
16.575,0.0,1.0
16.58,0.0,1.0
16.585,0.0,1.0
16.59,0.0,1.0
16.595,0.0,1.0
16.6,0.0,1.0
16.605,0.0,1.0
16.61,0.0,1.0
16.615,0.0,1.0
16.62,0.0,1.0
16.625,0.0,1.0
16.63,0.0,1.0
16.635,0.0,1.0
16.64,0.0,1.0
16.645,0.0,1.0
16.65,0.0,1.0
16.655,0.0,1.0
16.66,0.0,1.0
16.665,0.0,1.0
16.67,0.0,1.0
16.675,0.0,1.0
16.68,0.0,1.0
16.685,0.0,1.0
16.69,0.0,1.0
16.695,0.0,1.0
